Image name,Contains figure,Asks for proof,Dependencies,LatexOutput,Reference,GUID,Type,Seq,PT,OriginalName
"Topology, Calculus and Approximation-Vilmos Komornik_1_problem.png",FALSE,TRUE,,,,0e9ca568-7f0a-4c90-b263-ead436b58bbd,P,1,0,"Topology, Calculus and Approximation-Vilmos Komornik_1_problem.png"
"Topology, Calculus and Approximation-Vilmos Komornik_1_solution_part_1.png",FALSE,TRUE,,,,0de611d6-b262-4351-815a-8472689379ea,S,1,1,"Topology, Calculus and Approximation-Vilmos Komornik_1_solution_part_1.png"
"Topology, Calculus and Approximation-Vilmos Komornik_1_solution_part_2.png",TRUE,TRUE,,,,5e3f5a80-bd67-4b6c-9767-d428343ec468,S,1,2,"Topology, Calculus and Approximation-Vilmos Komornik_1_solution_part_2.png"
"Topology, Calculus and Approximation-Vilmos Komornik_2_problem.png",FALSE,TRUE,,,,4c8e8022-766d-4a4e-b7c1-9b9265c07c6c,P,2,0,"Topology, Calculus and Approximation-Vilmos Komornik_2_problem.png"
"Topology, Calculus and Approximation-Vilmos Komornik_2_solution.png",FALSE,TRUE,,,,ef377fc6-8641-4b62-8be9-75e39dd8eac5,S,2,0,"Topology, Calculus and Approximation-Vilmos Komornik_2_solution.png"
"Topology, Calculus and Approximation-Vilmos Komornik_3_problem.png",FALSE,TRUE,,,,dd84f91c-4421-4ee5-a39a-436d30c85442,P,3,0,"Topology, Calculus and Approximation-Vilmos Komornik_3_problem.png"
"Topology, Calculus and Approximation-Vilmos Komornik_3_solution_part_1.png",FALSE,TRUE,,,,538862b2-c064-4dd8-974a-82bf7c1ff7e6,S,3,1,"Topology, Calculus and Approximation-Vilmos Komornik_3_solution_part_1.png"
"Topology, Calculus and Approximation-Vilmos Komornik_3_solution_part_2.png",TRUE,TRUE,,,,b66028a9-2471-4776-924c-834dcdbc5b3b,S,3,2,"Topology, Calculus and Approximation-Vilmos Komornik_3_solution_part_2.png"
"Topology, Calculus and Approximation-Vilmos Komornik_4_problem.png",FALSE,TRUE,,,,c66c7cfa-de9c-45d0-955a-cdda364a9cc6,P,4,0,"Topology, Calculus and Approximation-Vilmos Komornik_4_problem.png"
"Topology, Calculus and Approximation-Vilmos Komornik_4_solution.png",FALSE,TRUE,,,,3d71d1db-024d-4051-beb2-c5bf260a4db4,S,4,0,"Topology, Calculus and Approximation-Vilmos Komornik_4_solution.png"
"Topology, Calculus and Approximation-Vilmos Komornik_5_problem.png",FALSE,TRUE,,,,7c7d5ee8-6d8a-460d-9e82-9df336a7c73d,P,5,0,"Topology, Calculus and Approximation-Vilmos Komornik_5_problem.png"
"Topology, Calculus and Approximation-Vilmos Komornik_5_solution.png",FALSE,TRUE,,,,e9a816e0-ed85-478b-a597-13e1e85210a5,S,5,0,"Topology, Calculus and Approximation-Vilmos Komornik_5_solution.png"
"Topology, Calculus and Approximation-Vilmos Komornik_6_problem.png",FALSE,TRUE,,,,9ec12ce1-daca-4908-8e17-9159bccbdc2f,P,6,0,"Topology, Calculus and Approximation-Vilmos Komornik_6_problem.png"
"Topology, Calculus and Approximation-Vilmos Komornik_6_solution_part_1.png",FALSE,TRUE,,,,37d2c097-8eb0-49dc-aecf-bdcb77f3304f,S,6,1,"Topology, Calculus and Approximation-Vilmos Komornik_6_solution_part_1.png"
"Topology, Calculus and Approximation-Vilmos Komornik_6_solution_part_2.png",FALSE,TRUE,,,,32518247-675d-4308-9793-9b94c929c0a3,S,6,2,"Topology, Calculus and Approximation-Vilmos Komornik_6_solution_part_2.png"
"Topology, Calculus and Approximation-Vilmos Komornik_7_problem.png",FALSE,TRUE,,,,e962ed15-25c1-4400-bf70-9db97d00c13a,P,7,0,"Topology, Calculus and Approximation-Vilmos Komornik_7_problem.png"
"Topology, Calculus and Approximation-Vilmos Komornik_7_solution.png",FALSE,TRUE,,,,da323d39-e45a-4c34-8cf2-54fbdd6fa8cb,S,7,0,"Topology, Calculus and Approximation-Vilmos Komornik_7_solution.png"
"Topology, Calculus and Approximation-Vilmos Komornik_8_problem.png",FALSE,TRUE,,,,3824e09a-ccd1-48af-81ee-3821f5b8d1b7,P,8,0,"Topology, Calculus and Approximation-Vilmos Komornik_8_problem.png"
"Topology, Calculus and Approximation-Vilmos Komornik_8_solution_part_1.png",FALSE,TRUE,,,,5a31773b-ef8f-475d-92b2-cb31615884f2,S,8,1,"Topology, Calculus and Approximation-Vilmos Komornik_8_solution_part_1.png"
"Topology, Calculus and Approximation-Vilmos Komornik_8_solution_part_2.png",FALSE,TRUE,,,,051a80a6-1606-4173-8138-a47343eb88a6,S,8,2,"Topology, Calculus and Approximation-Vilmos Komornik_8_solution_part_2.png"
"Topology, Calculus and Approximation-Vilmos Komornik_9_problem.png",FALSE,TRUE,,,,15d5dd23-72df-454a-9fa4-178371667451,P,9,0,"Topology, Calculus and Approximation-Vilmos Komornik_9_problem.png"
"Topology, Calculus and Approximation-Vilmos Komornik_9_solution.png",FALSE,TRUE,,,,e8cfa372-c5c1-431d-9286-3bd0f0926c4c,S,9,0,"Topology, Calculus and Approximation-Vilmos Komornik_9_solution.png"
"Topology, Calculus and Approximation-Vilmos Komornik_10_problem.png",FALSE,TRUE,,,,dceb965a-6371-44ac-a31b-b822c934c6d4,P,10,0,"Topology, Calculus and Approximation-Vilmos Komornik_10_problem.png"
"Topology, Calculus and Approximation-Vilmos Komornik_10_solution_part_1.png",FALSE,TRUE,,,,3b740eae-552a-481e-8a34-30dda06cfe08,S,10,1,"Topology, Calculus and Approximation-Vilmos Komornik_10_solution_part_1.png"
"Topology, Calculus and Approximation-Vilmos Komornik_10_solution_part_2.png",FALSE,TRUE,,,,c77a87fa-cc79-411f-8edf-76a93a079262,S,10,2,"Topology, Calculus and Approximation-Vilmos Komornik_10_solution_part_2.png"
"Topology, Calculus and Approximation-Vilmos Komornik_11_problem.png",FALSE,TRUE,,,,f5f123b7-5070-43e4-9f0a-74c81dc64d50,P,11,0,"Topology, Calculus and Approximation-Vilmos Komornik_11_problem.png"
"Topology, Calculus and Approximation-Vilmos Komornik_11_solution.png",FALSE,TRUE,,,,9c8142b6-4d0a-4e14-9647-cc98c9170895,S,11,0,"Topology, Calculus and Approximation-Vilmos Komornik_11_solution.png"
"Topology, Calculus and Approximation-Vilmos Komornik_12_problem_part_1.png",FALSE,TRUE,,,,1363ce7f-4def-404e-8f23-6078510b061f,P,12,1,"Topology, Calculus and Approximation-Vilmos Komornik_12_problem_part_1.png"
"Topology, Calculus and Approximation-Vilmos Komornik_12_problem_part_2.png",TRUE,TRUE,,,,0b53833b-6720-4ba4-ab67-02dc77fa3268,P,12,2,"Topology, Calculus and Approximation-Vilmos Komornik_12_problem_part_2.png"
"Topology, Calculus and Approximation-Vilmos Komornik_12_solution.png",FALSE,TRUE,,,,508cd693-33c6-4129-a77c-b204250de276,S,12,0,"Topology, Calculus and Approximation-Vilmos Komornik_12_solution.png"
"Topology, Calculus and Approximation-Vilmos Komornik_13_problem.png",FALSE,TRUE,,,,3d6e19c5-181b-4c48-933c-89d76ff93e33,P,13,0,"Topology, Calculus and Approximation-Vilmos Komornik_13_problem.png"
"Topology, Calculus and Approximation-Vilmos Komornik_13_solution_part_1.png",FALSE,TRUE,,,,faadcc83-fcc3-4fc9-858f-c41be38eb453,S,13,1,"Topology, Calculus and Approximation-Vilmos Komornik_13_solution_part_1.png"
"Topology, Calculus and Approximation-Vilmos Komornik_13_solution_part_2.png",FALSE,TRUE,,,,fcd9af31-e95d-41bb-9946-501b321f3156,S,13,2,"Topology, Calculus and Approximation-Vilmos Komornik_13_solution_part_2.png"
"Topology, Calculus and Approximation-Vilmos Komornik_14_problem.png",FALSE,TRUE,,,,e9ca40d9-8fe1-494d-b99a-0cd472ec406d,P,14,0,"Topology, Calculus and Approximation-Vilmos Komornik_14_problem.png"
"Topology, Calculus and Approximation-Vilmos Komornik_14_solution_part_1.png",FALSE,TRUE,,,,ce31c5e9-93b4-4a31-a5be-bfb8053864ba,S,14,1,"Topology, Calculus and Approximation-Vilmos Komornik_14_solution_part_1.png"
"Topology, Calculus and Approximation-Vilmos Komornik_14_solution_part_2.png",FALSE,TRUE,,,,bdfe8dac-0b6a-4490-b9f4-355092da7600,S,14,2,"Topology, Calculus and Approximation-Vilmos Komornik_14_solution_part_2.png"
"Topology, Calculus and Approximation-Vilmos Komornik_15_problem.png",FALSE,TRUE,,,,2659e9dc-d591-4c2a-94fe-8760ab55ca2c,P,15,0,"Topology, Calculus and Approximation-Vilmos Komornik_15_problem.png"
"Topology, Calculus and Approximation-Vilmos Komornik_15_solution.png",FALSE,TRUE,,,,19088586-edd5-4ea1-b1ed-e6dd1fc2bb69,S,15,0,"Topology, Calculus and Approximation-Vilmos Komornik_15_solution.png"
"Topology, Calculus and Approximation-Vilmos Komornik_16_problem.png",FALSE,TRUE,,,,575f4efb-0626-4782-8c63-b9f6193554ac,P,16,0,"Topology, Calculus and Approximation-Vilmos Komornik_16_problem.png"
"Topology, Calculus and Approximation-Vilmos Komornik_16_solution_part_1.png",FALSE,TRUE,,,,6e76ecb2-163a-43e0-82ee-ac0140ffd47c,S,16,1,"Topology, Calculus and Approximation-Vilmos Komornik_16_solution_part_1.png"
"Topology, Calculus and Approximation-Vilmos Komornik_16_solution_part_2.png",FALSE,TRUE,,,,b9f7c747-0329-464d-87e3-9078d2f89464,S,16,2,"Topology, Calculus and Approximation-Vilmos Komornik_16_solution_part_2.png"
"Topology, Calculus and Approximation-Vilmos Komornik_17_problem.png",FALSE,TRUE,,,,f7b4b624-389d-42bd-9c8b-70583c2f1941,P,17,0,"Topology, Calculus and Approximation-Vilmos Komornik_17_problem.png"
"Topology, Calculus and Approximation-Vilmos Komornik_17_solution_part_1.png",FALSE,TRUE,,,,50403c77-fbf0-4479-8045-d24295bebf22,S,17,1,"Topology, Calculus and Approximation-Vilmos Komornik_17_solution_part_1.png"
"Topology, Calculus and Approximation-Vilmos Komornik_17_solution_part_2.png",FALSE,TRUE,,,,385b83e5-2b4c-48b9-9853-3ff1d49f3e1c,S,17,2,"Topology, Calculus and Approximation-Vilmos Komornik_17_solution_part_2.png"
"Topology, Calculus and Approximation-Vilmos Komornik_17_solution_part_3.png",FALSE,TRUE,,,,3dc152a5-40f2-4a01-ac44-5b0de480c04f,S,17,3,"Topology, Calculus and Approximation-Vilmos Komornik_17_solution_part_3.png"
"Topology, Calculus and Approximation-Vilmos Komornik_18_problem.png",FALSE,TRUE,,,,9a35265e-8373-4e74-95a1-897bb7069337,P,18,0,"Topology, Calculus and Approximation-Vilmos Komornik_18_problem.png"
"Topology, Calculus and Approximation-Vilmos Komornik_18_solution_part_1.png",FALSE,TRUE,,,,30564728-6b8a-4de8-b891-37b917bcab58,S,18,1,"Topology, Calculus and Approximation-Vilmos Komornik_18_solution_part_1.png"
"Topology, Calculus and Approximation-Vilmos Komornik_18_solution_part_2.png",FALSE,TRUE,,,,c54c4021-bdfd-4d22-9a68-c3fa8fabbb26,S,18,2,"Topology, Calculus and Approximation-Vilmos Komornik_18_solution_part_2.png"
"Topology, Calculus and Approximation-Vilmos Komornik_19_problem.png",FALSE,TRUE,,,,cbd24970-13dc-4366-9e65-e4d545d049db,P,19,0,"Topology, Calculus and Approximation-Vilmos Komornik_19_problem.png"
"Topology, Calculus and Approximation-Vilmos Komornik_19_solution.png",FALSE,TRUE,,,,76a6154b-4942-42e7-8cc6-254e8938e213,S,19,0,"Topology, Calculus and Approximation-Vilmos Komornik_19_solution.png"
"Topology, Calculus and Approximation-Vilmos Komornik_20_problem.png",FALSE,TRUE,,,,864566b0-5a5d-470a-8189-521961f36478,P,20,0,"Topology, Calculus and Approximation-Vilmos Komornik_20_problem.png"
"Topology, Calculus and Approximation-Vilmos Komornik_20_solution.png",FALSE,TRUE,,,,1c5ec9e0-71be-467c-9117-dcc140c6d0dd,S,20,0,"Topology, Calculus and Approximation-Vilmos Komornik_20_solution.png"
"Topology, Calculus and Approximation-Vilmos Komornik_21_problem.png",FALSE,TRUE,,,,297d20ed-166a-4be5-ace6-e5724c1c0a6c,P,21,0,"Topology, Calculus and Approximation-Vilmos Komornik_21_problem.png"
"Topology, Calculus and Approximation-Vilmos Komornik_21_solution_part_1.png",FALSE,TRUE,,,,1e91c801-0420-4e56-a744-55e21aa759e3,S,21,1,"Topology, Calculus and Approximation-Vilmos Komornik_21_solution_part_1.png"
"Topology, Calculus and Approximation-Vilmos Komornik_21_solution_part_2.png",FALSE,TRUE,,,,acaa0027-18cd-4224-aad0-bb6e00ea7577,S,21,2,"Topology, Calculus and Approximation-Vilmos Komornik_21_solution_part_2.png"
"Topology, Calculus and Approximation-Vilmos Komornik_22_problem.png",FALSE,TRUE,,,,192bd419-3329-43f8-88c0-7a269a10b774,P,22,0,"Topology, Calculus and Approximation-Vilmos Komornik_22_problem.png"
"Topology, Calculus and Approximation-Vilmos Komornik_22_solution.png",FALSE,TRUE,,,,ad0573c1-3c7c-4b37-9275-5170147e4bcb,S,22,0,"Topology, Calculus and Approximation-Vilmos Komornik_22_solution.png"
"Topology, Calculus and Approximation-Vilmos Komornik_23_problem.png",FALSE,TRUE,,,,4657ac18-eec3-41c4-be22-ed44c9281d46,P,23,0,"Topology, Calculus and Approximation-Vilmos Komornik_23_problem.png"
"Topology, Calculus and Approximation-Vilmos Komornik_23_solution.png",FALSE,TRUE,,,,46fb2543-d502-431e-ba0a-517b6d9e6cf2,S,23,0,"Topology, Calculus and Approximation-Vilmos Komornik_23_solution.png"
"Topology, Calculus and Approximation-Vilmos Komornik_24_problem.png",FALSE,TRUE,,,,14bef30a-672d-4bc4-a0ee-115f8053f2e5,P,24,0,"Topology, Calculus and Approximation-Vilmos Komornik_24_problem.png"
"Topology, Calculus and Approximation-Vilmos Komornik_24_solution_part_1.png",FALSE,TRUE,,,,be6a02f1-d1b6-4122-a39f-c28b52a2a966,S,24,1,"Topology, Calculus and Approximation-Vilmos Komornik_24_solution_part_1.png"
"Topology, Calculus and Approximation-Vilmos Komornik_24_solution_part_2.png",TRUE,TRUE,,,,4ce4d8cd-4002-4217-a568-ffd2b6611c90,S,24,2,"Topology, Calculus and Approximation-Vilmos Komornik_24_solution_part_2.png"
"Topology, Calculus and Approximation-Vilmos Komornik_25_problem.png",FALSE,TRUE,,,,461b6280-056c-4641-a3ad-09a5d4ca8bfa,P,25,0,"Topology, Calculus and Approximation-Vilmos Komornik_25_problem.png"
"Topology, Calculus and Approximation-Vilmos Komornik_25_solution.png",FALSE,TRUE,,,,06bb3ec2-ca9e-4fb6-b447-0564e1e702f1,S,25,0,"Topology, Calculus and Approximation-Vilmos Komornik_25_solution.png"
"Topology, Calculus and Approximation-Vilmos Komornik_26_problem.png",FALSE,TRUE,,,,bbb89e8e-bc31-4e52-9f7a-de9fb466ee39,P,26,0,"Topology, Calculus and Approximation-Vilmos Komornik_26_problem.png"
"Topology, Calculus and Approximation-Vilmos Komornik_26_solution.png",FALSE,TRUE,,,,41dfc8e5-527d-4952-b4d5-df9c903d856b,S,26,0,"Topology, Calculus and Approximation-Vilmos Komornik_26_solution.png"
"Topology, Calculus and Approximation-Vilmos Komornik_27_problem.png",FALSE,TRUE,,,,cfab3985-4346-4d54-802d-fff525944dc8,P,27,0,"Topology, Calculus and Approximation-Vilmos Komornik_27_problem.png"
"Topology, Calculus and Approximation-Vilmos Komornik_27_solution.png",FALSE,TRUE,,,,1220f415-1297-4fc0-befe-b58349aa63f3,S,27,0,"Topology, Calculus and Approximation-Vilmos Komornik_27_solution.png"
"Topology, Calculus and Approximation-Vilmos Komornik_28_problem.png",FALSE,TRUE,,,,86c0466e-8ca7-4506-8fc9-953f3dd11b55,P,28,0,"Topology, Calculus and Approximation-Vilmos Komornik_28_problem.png"
"Topology, Calculus and Approximation-Vilmos Komornik_28_solution_part_1.png",FALSE,TRUE,,,,1edb38bb-73f6-4f5d-89e4-4dbb7737d55e,S,28,1,"Topology, Calculus and Approximation-Vilmos Komornik_28_solution_part_1.png"
"Topology, Calculus and Approximation-Vilmos Komornik_28_solution_part_2.png",FALSE,TRUE,,,,e985fbda-4455-47e5-937e-49ee07be3896,S,28,2,"Topology, Calculus and Approximation-Vilmos Komornik_28_solution_part_2.png"
"Topology, Calculus and Approximation-Vilmos Komornik_29_problem.png",FALSE,TRUE,,,,52179364-6d27-4f60-8d2f-0e7376aee465,P,29,0,"Topology, Calculus and Approximation-Vilmos Komornik_29_problem.png"
"Topology, Calculus and Approximation-Vilmos Komornik_29_solution_part_1.png",FALSE,TRUE,,,,59126d44-ccc0-44e0-a3ea-0128a39b30a6,S,29,1,"Topology, Calculus and Approximation-Vilmos Komornik_29_solution_part_1.png"
"Topology, Calculus and Approximation-Vilmos Komornik_29_solution_part_2.png",FALSE,TRUE,,,,e280b1cc-a9e1-4441-a7d6-e395c598662d,S,29,2,"Topology, Calculus and Approximation-Vilmos Komornik_29_solution_part_2.png"
"Topology, Calculus and Approximation-Vilmos Komornik_29_solution_part_3.png",FALSE,TRUE,,,,4ba7341e-01b6-4a9d-85c2-6272dbeb3406,S,29,3,"Topology, Calculus and Approximation-Vilmos Komornik_29_solution_part_3.png"
"Topology, Calculus and Approximation-Vilmos Komornik_30_problem.png",FALSE,TRUE,,,,ddf9941c-1c0f-473d-812e-23053346db28,P,30,0,"Topology, Calculus and Approximation-Vilmos Komornik_30_problem.png"
"Topology, Calculus and Approximation-Vilmos Komornik_30_solution_part_1.png",FALSE,TRUE,,,,80fbad00-ff4b-4963-929e-5fcbd01b8448,S,30,1,"Topology, Calculus and Approximation-Vilmos Komornik_30_solution_part_1.png"
"Topology, Calculus and Approximation-Vilmos Komornik_30_solution_part_2.png",FALSE,TRUE,,,,744a41dd-da1d-4804-932a-4a86f9782d28,S,30,2,"Topology, Calculus and Approximation-Vilmos Komornik_30_solution_part_2.png"
"Topology, Calculus and Approximation-Vilmos Komornik_31_problem.png",FALSE,FALSE,,,,038a7038-f6d9-46af-ab21-cb6e08d05f9a,P,31,0,"Topology, Calculus and Approximation-Vilmos Komornik_31_problem.png"
"Topology, Calculus and Approximation-Vilmos Komornik_31_solution.png",FALSE,FALSE,,,,f7f5228a-50c2-4cdd-b782-d4734d1e555a,S,31,0,"Topology, Calculus and Approximation-Vilmos Komornik_31_solution.png"
"Topology, Calculus and Approximation-Vilmos Komornik_32_problem_part_1.png",FALSE,TRUE,,,,d99a302e-4765-4800-af11-60758463adc7,P,32,1,"Topology, Calculus and Approximation-Vilmos Komornik_32_problem_part_1.png"
"Topology, Calculus and Approximation-Vilmos Komornik_32_problem_part_2.png",FALSE,TRUE,,,,85594bd7-805d-4225-83ee-a4e4a1cc0bf4,P,32,2,"Topology, Calculus and Approximation-Vilmos Komornik_32_problem_part_2.png"
"Topology, Calculus and Approximation-Vilmos Komornik_32_solution_part_1.png",FALSE,TRUE,,,,2bc48347-f447-413e-8681-d92476b2065a,S,32,1,"Topology, Calculus and Approximation-Vilmos Komornik_32_solution_part_1.png"
"Topology, Calculus and Approximation-Vilmos Komornik_32_solution_part_2.png",FALSE,TRUE,,,,e52b529e-c456-41d9-8ace-ce1cf9129238,S,32,2,"Topology, Calculus and Approximation-Vilmos Komornik_32_solution_part_2.png"
"Topology, Calculus and Approximation-Vilmos Komornik_33_problem.png",FALSE,TRUE,,,,9894dc4a-bfbb-40f3-b4ae-f33162e59e7b,P,33,0,"Topology, Calculus and Approximation-Vilmos Komornik_33_problem.png"
"Topology, Calculus and Approximation-Vilmos Komornik_33_solution.png",FALSE,TRUE,,,,9d6d0a56-440e-4f0f-8ce1-e5a06be90538,S,33,0,"Topology, Calculus and Approximation-Vilmos Komornik_33_solution.png"
"Topology, Calculus and Approximation-Vilmos Komornik_34_problem.png",FALSE,FALSE,,,,8bb56c85-e82b-4a43-8ff0-0510ba7d7808,P,34,0,"Topology, Calculus and Approximation-Vilmos Komornik_34_problem.png"
"Topology, Calculus and Approximation-Vilmos Komornik_34_solution_part_1.png",FALSE,FALSE,,,,ee1d6b9e-9ecf-4fbc-b0ef-6a64ce7490e2,S,34,1,"Topology, Calculus and Approximation-Vilmos Komornik_34_solution_part_1.png"
"Topology, Calculus and Approximation-Vilmos Komornik_34_solution_part_2.png",FALSE,FALSE,,,,c5a64615-7cb4-47bb-8ad9-92dfe17edfa1,S,34,2,"Topology, Calculus and Approximation-Vilmos Komornik_34_solution_part_2.png"
"Topology, Calculus and Approximation-Vilmos Komornik_35_problem.png",FALSE,TRUE,,,,b731bc3a-e6b9-4112-8302-a4cbf121a45a,P,35,0,"Topology, Calculus and Approximation-Vilmos Komornik_35_problem.png"
"Topology, Calculus and Approximation-Vilmos Komornik_35_solution.png",FALSE,TRUE,,,,7835f2a2-9e6b-4a65-bb01-c51de510d157,S,35,0,"Topology, Calculus and Approximation-Vilmos Komornik_35_solution.png"
"Topology, Calculus and Approximation-Vilmos Komornik_36_problem.png",FALSE,TRUE,,,,1c45b888-f8ac-400a-9ca2-6bf6b9afdbf3,P,36,0,"Topology, Calculus and Approximation-Vilmos Komornik_36_problem.png"
"Topology, Calculus and Approximation-Vilmos Komornik_36_solution.png",FALSE,TRUE,,,,5b3cb235-39a5-4a4d-946c-4f86d01c2686,S,36,0,"Topology, Calculus and Approximation-Vilmos Komornik_36_solution.png"
"Topology, Calculus and Approximation-Vilmos Komornik_37_problem.png",FALSE,TRUE,,,,8f03ecb0-1206-4815-bed0-f458b7dce59e,P,37,0,"Topology, Calculus and Approximation-Vilmos Komornik_37_problem.png"
"Topology, Calculus and Approximation-Vilmos Komornik_37_solution_part_1.png",FALSE,TRUE,,,,0bb62498-3453-4922-a90f-3741398e2b25,S,37,1,"Topology, Calculus and Approximation-Vilmos Komornik_37_solution_part_1.png"
"Topology, Calculus and Approximation-Vilmos Komornik_37_solution_part_2.png",FALSE,TRUE,,,,0eec090e-d431-4a17-98c4-e9d5508c22ca,S,37,2,"Topology, Calculus and Approximation-Vilmos Komornik_37_solution_part_2.png"
"Topology, Calculus and Approximation-Vilmos Komornik_38_problem.png",FALSE,TRUE,,,,303c97d3-c91d-4e0f-898b-8515e53a80df,P,38,0,"Topology, Calculus and Approximation-Vilmos Komornik_38_problem.png"
"Topology, Calculus and Approximation-Vilmos Komornik_38_solution.png",FALSE,TRUE,,,,5539edfb-3bbf-4539-bc80-f8742c894a15,S,38,0,"Topology, Calculus and Approximation-Vilmos Komornik_38_solution.png"
"Topology, Calculus and Approximation-Vilmos Komornik_39_problem.png",FALSE,TRUE,,,,5a7e796c-4306-467b-8ec7-2597299ca889,P,39,0,"Topology, Calculus and Approximation-Vilmos Komornik_39_problem.png"
"Topology, Calculus and Approximation-Vilmos Komornik_39_solution.png",FALSE,TRUE,,,,3560acc9-a41c-4e5e-a019-989287ab0049,S,39,0,"Topology, Calculus and Approximation-Vilmos Komornik_39_solution.png"
"Topology, Calculus and Approximation-Vilmos Komornik_40_problem.png",FALSE,TRUE,,,,739f3db2-e51e-45b1-a51a-5fb1854541f8,P,40,0,"Topology, Calculus and Approximation-Vilmos Komornik_40_problem.png"
"Topology, Calculus and Approximation-Vilmos Komornik_40_solution_part_1.png",FALSE,TRUE,,,,3349ebb0-5a4d-4bd0-a5cd-7e4d5a998d23,S,40,1,"Topology, Calculus and Approximation-Vilmos Komornik_40_solution_part_1.png"
"Topology, Calculus and Approximation-Vilmos Komornik_40_solution_part_2.png",FALSE,TRUE,,,,c9e6a2eb-d8f8-498d-824f-e15db3401620,S,40,2,"Topology, Calculus and Approximation-Vilmos Komornik_40_solution_part_2.png"
"Topology, Calculus and Approximation-Vilmos Komornik_41_problem.png",FALSE,FALSE,,,,e7ebc02c-32fb-4bcf-8ba1-9aa38d29ce0e,P,41,0,"Topology, Calculus and Approximation-Vilmos Komornik_41_problem.png"
"Topology, Calculus and Approximation-Vilmos Komornik_41_solution.png",FALSE,FALSE,,,,80a22874-f425-43d3-b20c-a57ff1a35ec4,S,41,0,"Topology, Calculus and Approximation-Vilmos Komornik_41_solution.png"
"Topology, Calculus and Approximation-Vilmos Komornik_42_problem.png",FALSE,TRUE,,,,94c512c3-1bd8-4995-8f8b-6a7d8718efc9,P,42,0,"Topology, Calculus and Approximation-Vilmos Komornik_42_problem.png"
"Topology, Calculus and Approximation-Vilmos Komornik_42_solution.png",FALSE,TRUE,,,,a4c15717-a032-42a4-9023-b33feb6d930e,S,42,0,"Topology, Calculus and Approximation-Vilmos Komornik_42_solution.png"
"Topology, Calculus and Approximation-Vilmos Komornik_43_problem_part_1.png",FALSE,FALSE,,,,e37dbf64-1453-4b3a-92c2-951c83294e4a,P,43,1,"Topology, Calculus and Approximation-Vilmos Komornik_43_problem_part_1.png"
"Topology, Calculus and Approximation-Vilmos Komornik_43_problem_part_2.png",FALSE,FALSE,,,,b5be0c6a-f928-4d4f-a585-c34daa8b21ce,P,43,2,"Topology, Calculus and Approximation-Vilmos Komornik_43_problem_part_2.png"
"Topology, Calculus and Approximation-Vilmos Komornik_43_solution.png",FALSE,FALSE,,,,58d73221-b2e8-4755-ba27-6a4716a15371,S,43,0,"Topology, Calculus and Approximation-Vilmos Komornik_43_solution.png"
"Topology, Calculus and Approximation-Vilmos Komornik_44_problem.png",FALSE,TRUE,,,,f8879fda-7a6d-474d-910e-4be422c6c227,P,44,0,"Topology, Calculus and Approximation-Vilmos Komornik_44_problem.png"
"Topology, Calculus and Approximation-Vilmos Komornik_44_solution.png",FALSE,TRUE,,,,d54115e5-7fe7-4289-a0e5-5814a3ac4a18,S,44,0,"Topology, Calculus and Approximation-Vilmos Komornik_44_solution.png"
"Topology, Calculus and Approximation-Vilmos Komornik_45_problem.png",FALSE,TRUE,,,,68f8ec11-3bc4-44a4-98fe-4b883696f3b6,P,45,0,"Topology, Calculus and Approximation-Vilmos Komornik_45_problem.png"
"Topology, Calculus and Approximation-Vilmos Komornik_45_solution_part_1.png",FALSE,TRUE,,,,33f3554a-26f3-4c8b-b12f-a3ce8528027e,S,45,1,"Topology, Calculus and Approximation-Vilmos Komornik_45_solution_part_1.png"
"Topology, Calculus and Approximation-Vilmos Komornik_45_solution_part_2.png",FALSE,TRUE,,,,0e01aa76-4cc5-4871-ace1-13422e0b70dd,S,45,2,"Topology, Calculus and Approximation-Vilmos Komornik_45_solution_part_2.png"
"Topology, Calculus and Approximation-Vilmos Komornik_46_problem.png",FALSE,TRUE,,,,5f46e40b-c9de-4c2c-be4e-0ac9bda9dfc9,P,46,0,"Topology, Calculus and Approximation-Vilmos Komornik_46_problem.png"
"Topology, Calculus and Approximation-Vilmos Komornik_46_solution.png",FALSE,TRUE,,,,2d0654ac-08ef-4caf-b08b-dd03a1dc650d,S,46,0,"Topology, Calculus and Approximation-Vilmos Komornik_46_solution.png"
"Topology, Calculus and Approximation-Vilmos Komornik_47_problem.png",FALSE,TRUE,,,,9ea451f4-8b69-4fa6-8741-8f177176a4e4,P,47,0,"Topology, Calculus and Approximation-Vilmos Komornik_47_problem.png"
"Topology, Calculus and Approximation-Vilmos Komornik_47_solution.png",FALSE,TRUE,,,,773ed608-cc70-4b5c-8f15-c191b23e978c,S,47,0,"Topology, Calculus and Approximation-Vilmos Komornik_47_solution.png"
"Topology, Calculus and Approximation-Vilmos Komornik_48_problem.png",FALSE,TRUE,,,,90c24c75-0a49-4513-a8b8-e92d382ebf4b,P,48,0,"Topology, Calculus and Approximation-Vilmos Komornik_48_problem.png"
"Topology, Calculus and Approximation-Vilmos Komornik_48_solution.png",FALSE,TRUE,,,,9dceadf6-cbc2-4055-a328-23541a749842,S,48,0,"Topology, Calculus and Approximation-Vilmos Komornik_48_solution.png"
"Topology, Calculus and Approximation-Vilmos Komornik_49_problem.png",FALSE,TRUE,,,,c02d4f2b-e284-4ea2-a41a-f96a22b6df5f,P,49,0,"Topology, Calculus and Approximation-Vilmos Komornik_49_problem.png"
"Topology, Calculus and Approximation-Vilmos Komornik_49_solution.png",FALSE,TRUE,,,,61c16772-e198-4591-bca1-4c2bc2aae684,S,49,0,"Topology, Calculus and Approximation-Vilmos Komornik_49_solution.png"
"Topology, Calculus and Approximation-Vilmos Komornik_50_problem.png",FALSE,TRUE,,,,63eb563e-ea4a-4915-af08-964df61dddff,P,50,0,"Topology, Calculus and Approximation-Vilmos Komornik_50_problem.png"
"Topology, Calculus and Approximation-Vilmos Komornik_50_solution.png",FALSE,TRUE,,,,af31d49d-c735-45b2-990c-a7ba0d56d613,S,50,0,"Topology, Calculus and Approximation-Vilmos Komornik_50_solution.png"
"Topology, Calculus and Approximation-Vilmos Komornik_51_problem.png",FALSE,TRUE,,,,d7b3352d-01c7-4e08-be29-23d04d7b3a05,P,51,0,"Topology, Calculus and Approximation-Vilmos Komornik_51_problem.png"
"Topology, Calculus and Approximation-Vilmos Komornik_51_solution.png",FALSE,TRUE,,,,6af43549-5298-4716-af77-1871da47bdf4,S,51,0,"Topology, Calculus and Approximation-Vilmos Komornik_51_solution.png"
"Topology, Calculus and Approximation-Vilmos Komornik_52_problem.png",FALSE,TRUE,,,,73e3ade5-f5d5-4cab-a500-cee236906ece,P,52,0,"Topology, Calculus and Approximation-Vilmos Komornik_52_problem.png"
"Topology, Calculus and Approximation-Vilmos Komornik_52_solution.png",FALSE,TRUE,,,,47ee2c65-59ac-4c0d-8922-53d88e08265c,S,52,0,"Topology, Calculus and Approximation-Vilmos Komornik_52_solution.png"
"Topology, Calculus and Approximation-Vilmos Komornik_53_problem.png",FALSE,TRUE,,,,98eedc52-a7f8-4733-9e89-df6ed46e45d7,P,53,0,"Topology, Calculus and Approximation-Vilmos Komornik_53_problem.png"
"Topology, Calculus and Approximation-Vilmos Komornik_53_solution.png",FALSE,TRUE,,,,e45f60e2-2a04-4f1a-995a-312b14d564de,S,53,0,"Topology, Calculus and Approximation-Vilmos Komornik_53_solution.png"
"Topology, Calculus and Approximation-Vilmos Komornik_54_problem.png",FALSE,TRUE,,,,52bf3b09-44b3-4a39-9c92-3b8fa1fb2e88,P,54,0,"Topology, Calculus and Approximation-Vilmos Komornik_54_problem.png"
"Topology, Calculus and Approximation-Vilmos Komornik_54_solution.png",FALSE,TRUE,,,,16f02543-48b3-4bee-9642-2a773708cc26,S,54,0,"Topology, Calculus and Approximation-Vilmos Komornik_54_solution.png"
"Topology, Calculus and Approximation-Vilmos Komornik_55_problem.png",FALSE,TRUE,,,,1608d17e-cb46-4180-8df0-bc754b4a77f5,P,55,0,"Topology, Calculus and Approximation-Vilmos Komornik_55_problem.png"
"Topology, Calculus and Approximation-Vilmos Komornik_55_solution.png",FALSE,TRUE,,,,a10700a9-c1ee-4328-9a1a-06f8a130e4ac,S,55,0,"Topology, Calculus and Approximation-Vilmos Komornik_55_solution.png"
"Topology, Calculus and Approximation-Vilmos Komornik_56_problem.png",TRUE,TRUE,,,,a8da709d-bb2c-4f6d-9c92-957768b724b7,P,56,0,"Topology, Calculus and Approximation-Vilmos Komornik_56_problem.png"
"Topology, Calculus and Approximation-Vilmos Komornik_56_solution.png",FALSE,TRUE,,,,820016b8-9e18-42ca-abfa-c33a5fe87be4,S,56,0,"Topology, Calculus and Approximation-Vilmos Komornik_56_solution.png"
"Topology, Calculus and Approximation-Vilmos Komornik_57_problem.png",FALSE,TRUE,,,,741b440f-d342-409c-aed5-c18bf5197cf2,P,57,0,"Topology, Calculus and Approximation-Vilmos Komornik_57_problem.png"
"Topology, Calculus and Approximation-Vilmos Komornik_57_solution_part_1.png",FALSE,TRUE,,,,a5dd5c67-29a5-493a-b47f-a45651185ed9,S,57,1,"Topology, Calculus and Approximation-Vilmos Komornik_57_solution_part_1.png"
"Topology, Calculus and Approximation-Vilmos Komornik_57_solution_part_2.png",FALSE,TRUE,,,,4d8b6037-ed67-49a9-b123-54c19c2e5d16,S,57,2,"Topology, Calculus and Approximation-Vilmos Komornik_57_solution_part_2.png"
"Topology, Calculus and Approximation-Vilmos Komornik_58_problem.png",FALSE,TRUE,,,,af4f0304-f43c-41bb-ab55-c01bdf4d06a7,P,58,0,"Topology, Calculus and Approximation-Vilmos Komornik_58_problem.png"
"Topology, Calculus and Approximation-Vilmos Komornik_58_solution_part_1.png",FALSE,TRUE,,,,00ae4861-3538-4d2d-8e9a-b1a3fe704054,S,58,1,"Topology, Calculus and Approximation-Vilmos Komornik_58_solution_part_1.png"
"Topology, Calculus and Approximation-Vilmos Komornik_58_solution_part_2.png",FALSE,TRUE,,,,9be0ea84-a4b4-476e-8bd7-8c5592a86e42,S,58,2,"Topology, Calculus and Approximation-Vilmos Komornik_58_solution_part_2.png"
"Topology, Calculus and Approximation-Vilmos Komornik_58_solution_part_3.png",FALSE,TRUE,,,,fad3229a-3c17-44eb-ba71-73ae0aeb6835,S,58,3,"Topology, Calculus and Approximation-Vilmos Komornik_58_solution_part_3.png"
"Topology, Calculus and Approximation-Vilmos Komornik_59_problem.png",FALSE,TRUE,,,,166e3cf9-f0d0-41d9-9499-e73900cc7326,P,59,0,"Topology, Calculus and Approximation-Vilmos Komornik_59_problem.png"
"Topology, Calculus and Approximation-Vilmos Komornik_59_solution_part_1.png",FALSE,TRUE,,,,726d014b-b083-4b2a-b8ed-d6e6d56c05cc,S,59,1,"Topology, Calculus and Approximation-Vilmos Komornik_59_solution_part_1.png"
"Topology, Calculus and Approximation-Vilmos Komornik_59_solution_part_2.png",FALSE,TRUE,,,,533032f3-9b64-410c-b471-8712e548e6ff,S,59,2,"Topology, Calculus and Approximation-Vilmos Komornik_59_solution_part_2.png"
"Topology, Calculus and Approximation-Vilmos Komornik_60_problem.png",FALSE,TRUE,,,,6e65fa21-2a7f-4f8c-8dd6-3fd749455f42,P,60,0,"Topology, Calculus and Approximation-Vilmos Komornik_60_problem.png"
"Topology, Calculus and Approximation-Vilmos Komornik_60_solution.png",FALSE,TRUE,,,,36291381-d254-41b2-9afa-3a2830c841d8,S,60,0,"Topology, Calculus and Approximation-Vilmos Komornik_60_solution.png"
"Topology, Calculus and Approximation-Vilmos Komornik_61_problem.png",FALSE,TRUE,,,,1b58ab7a-d2eb-49e7-a94f-1ccf71cbed8b,P,61,0,"Topology, Calculus and Approximation-Vilmos Komornik_61_problem.png"
"Topology, Calculus and Approximation-Vilmos Komornik_61_solution.png",FALSE,TRUE,,,,12f99237-8081-48cd-bbd7-95824d20b193,S,61,0,"Topology, Calculus and Approximation-Vilmos Komornik_61_solution.png"
"Topology, Calculus and Approximation-Vilmos Komornik_62_problem.png",FALSE,TRUE,,,,2ef287d1-3133-4710-968b-f003221633b4,P,62,0,"Topology, Calculus and Approximation-Vilmos Komornik_62_problem.png"
"Topology, Calculus and Approximation-Vilmos Komornik_62_solution.png",FALSE,TRUE,,,,91295704-7a18-4b60-8d98-75c5efed16ae,S,62,0,"Topology, Calculus and Approximation-Vilmos Komornik_62_solution.png"
"Topology, Calculus and Approximation-Vilmos Komornik_63_problem.png",FALSE,TRUE,,,,e62304ec-6783-4b2e-89ed-35460785e839,P,63,0,"Topology, Calculus and Approximation-Vilmos Komornik_63_problem.png"
"Topology, Calculus and Approximation-Vilmos Komornik_63_solution.png",FALSE,TRUE,,,,b1ee1484-fe24-4443-99ef-6b85e181cedf,S,63,0,"Topology, Calculus and Approximation-Vilmos Komornik_63_solution.png"
"Topology, Calculus and Approximation-Vilmos Komornik_64_problem.png",FALSE,FALSE,,,,ab0c4ddc-cba7-40c3-9e8c-cba62b527a2a,P,64,0,"Topology, Calculus and Approximation-Vilmos Komornik_64_problem.png"
"Topology, Calculus and Approximation-Vilmos Komornik_64_solution.png",FALSE,TRUE,,,,f0c7d647-f642-455c-b359-1d02459d43b0,S,64,0,"Topology, Calculus and Approximation-Vilmos Komornik_64_solution.png"
"Topology, Calculus and Approximation-Vilmos Komornik_65_problem.png",FALSE,TRUE,,,,f72004d2-4d64-49ef-88b7-051b5e561aac,P,65,0,"Topology, Calculus and Approximation-Vilmos Komornik_65_problem.png"
"Topology, Calculus and Approximation-Vilmos Komornik_65_solution.png",FALSE,TRUE,,,,f4757705-f5e3-4f6f-8f7d-235cf9f7bcf8,S,65,0,"Topology, Calculus and Approximation-Vilmos Komornik_65_solution.png"
"Topology, Calculus and Approximation-Vilmos Komornik_66_problem.png",FALSE,TRUE,,,,2df1be2b-b5b3-4d7d-8a94-ec19412b7ed4,P,66,0,"Topology, Calculus and Approximation-Vilmos Komornik_66_problem.png"
"Topology, Calculus and Approximation-Vilmos Komornik_66_solution_part_1.png",FALSE,TRUE,,,,46ae5f0c-9e1a-4e85-ba93-2576af3b4c84,S,66,1,"Topology, Calculus and Approximation-Vilmos Komornik_66_solution_part_1.png"
"Topology, Calculus and Approximation-Vilmos Komornik_66_solution_part_2.png",FALSE,TRUE,,,,4e4fd1d1-72cc-4a8b-a1ec-f48a88f9684d,S,66,2,"Topology, Calculus and Approximation-Vilmos Komornik_66_solution_part_2.png"
"Topology, Calculus and Approximation-Vilmos Komornik_67_problem_part_1.png",FALSE,TRUE,,,,06ee28ed-adda-4b4f-bef3-e523a705903a,P,67,1,"Topology, Calculus and Approximation-Vilmos Komornik_67_problem_part_1.png"
"Topology, Calculus and Approximation-Vilmos Komornik_67_problem_part_2.png",FALSE,TRUE,,,,d4e19e62-cdfc-49d8-938d-b74ee100f25b,P,67,2,"Topology, Calculus and Approximation-Vilmos Komornik_67_problem_part_2.png"
"Topology, Calculus and Approximation-Vilmos Komornik_67_solution_part_1.png",FALSE,TRUE,,,,327871b4-7218-462c-8e73-70576fef26b9,S,67,1,"Topology, Calculus and Approximation-Vilmos Komornik_67_solution_part_1.png"
"Topology, Calculus and Approximation-Vilmos Komornik_67_solution_part_2.png",FALSE,TRUE,,,,bf708788-7a2c-4ff3-8de5-cb9f02cbae00,S,67,2,"Topology, Calculus and Approximation-Vilmos Komornik_67_solution_part_2.png"
"Topology, Calculus and Approximation-Vilmos Komornik_68_problem.png",FALSE,TRUE,,,,84f05aaf-7a2b-4891-969b-9374a6cf92a7,P,68,0,"Topology, Calculus and Approximation-Vilmos Komornik_68_problem.png"
"Topology, Calculus and Approximation-Vilmos Komornik_68_solution_part_1.png",FALSE,TRUE,,,,f6543a67-114e-4aa3-8468-1b5fe3656625,S,68,1,"Topology, Calculus and Approximation-Vilmos Komornik_68_solution_part_1.png"
"Topology, Calculus and Approximation-Vilmos Komornik_68_solution_part_2.png",FALSE,TRUE,,,,dd1f731e-b21e-40de-a947-414df8f9d8c3,S,68,2,"Topology, Calculus and Approximation-Vilmos Komornik_68_solution_part_2.png"
"Topology, Calculus and Approximation-Vilmos Komornik_69_problem.png",FALSE,TRUE,,,,b3da77b1-1fbc-4594-8e74-5cf037e3d260,P,69,0,"Topology, Calculus and Approximation-Vilmos Komornik_69_problem.png"
"Topology, Calculus and Approximation-Vilmos Komornik_69_solution_part_1.png",FALSE,TRUE,,,,e117618c-c9c6-491e-bb3d-4794315e2076,S,69,1,"Topology, Calculus and Approximation-Vilmos Komornik_69_solution_part_1.png"
"Topology, Calculus and Approximation-Vilmos Komornik_69_solution_part_2.png",FALSE,TRUE,,,,2eb7a420-e549-452e-92b4-a9703d78482d,S,69,2,"Topology, Calculus and Approximation-Vilmos Komornik_69_solution_part_2.png"
"Topology, Calculus and Approximation-Vilmos Komornik_70_problem.png",FALSE,TRUE,,,,49fb3431-2a8e-4eb6-9396-875837d10560,P,70,0,"Topology, Calculus and Approximation-Vilmos Komornik_70_problem.png"
"Topology, Calculus and Approximation-Vilmos Komornik_70_solution.png",FALSE,TRUE,,,,0d2d26b8-ceaa-4804-aca3-95cd5f00fb69,S,70,0,"Topology, Calculus and Approximation-Vilmos Komornik_70_solution.png"
"Topology, Calculus and Approximation-Vilmos Komornik_71_problem.png",FALSE,FALSE,,,,42eefa99-06bd-4933-bdb8-be29b303b1b2,P,71,0,"Topology, Calculus and Approximation-Vilmos Komornik_71_problem.png"
"Topology, Calculus and Approximation-Vilmos Komornik_71_solution_part_1.png",FALSE,FALSE,,,,d9091229-6167-42e4-96c6-174a87db06ac,S,71,1,"Topology, Calculus and Approximation-Vilmos Komornik_71_solution_part_1.png"
"Topology, Calculus and Approximation-Vilmos Komornik_71_solution_part_2.png",FALSE,FALSE,,,,ad136ff0-1f19-45cd-b3ed-9a1bc68cd8f1,S,71,2,"Topology, Calculus and Approximation-Vilmos Komornik_71_solution_part_2.png"
"Topology, Calculus and Approximation-Vilmos Komornik_72_problem.png",FALSE,FALSE,,,,edf83aa7-7830-42a6-8419-31c6748e3bee,P,72,0,"Topology, Calculus and Approximation-Vilmos Komornik_72_problem.png"
"Topology, Calculus and Approximation-Vilmos Komornik_72_solution.png",FALSE,FALSE,,,,2fb848a0-25f5-458d-b52b-e47010a5f6d6,S,72,0,"Topology, Calculus and Approximation-Vilmos Komornik_72_solution.png"
"Topology, Calculus and Approximation-Vilmos Komornik_73_problem.png",FALSE,TRUE,,,,c5dd103b-d09a-40e8-a77c-b66f11dc9f5e,P,73,0,"Topology, Calculus and Approximation-Vilmos Komornik_73_problem.png"
"Topology, Calculus and Approximation-Vilmos Komornik_73_solution.png",FALSE,TRUE,,,,481fffb6-5ff6-4500-b4b8-912e6eb0e6bc,S,73,0,"Topology, Calculus and Approximation-Vilmos Komornik_73_solution.png"
"Topology, Calculus and Approximation-Vilmos Komornik_74_problem.png",FALSE,TRUE,,,,bbd610fc-37f5-4d72-a610-eb65ce5922e9,P,74,0,"Topology, Calculus and Approximation-Vilmos Komornik_74_problem.png"
"Topology, Calculus and Approximation-Vilmos Komornik_74_solution.png",FALSE,TRUE,,,,b97d605f-f19a-4d8a-9457-b7db06700e99,S,74,0,"Topology, Calculus and Approximation-Vilmos Komornik_74_solution.png"
"Topology, Calculus and Approximation-Vilmos Komornik_75_problem.png",FALSE,TRUE,,,,743e2ecd-c839-45df-841d-d526bda11ac3,P,75,0,"Topology, Calculus and Approximation-Vilmos Komornik_75_problem.png"
"Topology, Calculus and Approximation-Vilmos Komornik_75_solution_part_1.png",FALSE,TRUE,,,,cead4408-a3d3-43de-8470-4baca43f0610,S,75,1,"Topology, Calculus and Approximation-Vilmos Komornik_75_solution_part_1.png"
"Topology, Calculus and Approximation-Vilmos Komornik_75_solution_part_2.png",FALSE,TRUE,,,,0187a174-a9ef-4405-82ab-924db96b71a9,S,75,2,"Topology, Calculus and Approximation-Vilmos Komornik_75_solution_part_2.png"
"Topology, Calculus and Approximation-Vilmos Komornik_76_problem.png",FALSE,TRUE,,,,c86eb0c4-81f6-4de5-81e2-db35a983d22b,P,76,0,"Topology, Calculus and Approximation-Vilmos Komornik_76_problem.png"
"Topology, Calculus and Approximation-Vilmos Komornik_76_solution_part_1.png",FALSE,TRUE,,,,f23b1e80-7b17-4d72-a6fe-00224ce9bd06,S,76,1,"Topology, Calculus and Approximation-Vilmos Komornik_76_solution_part_1.png"
"Topology, Calculus and Approximation-Vilmos Komornik_76_solution_part_2.png",FALSE,TRUE,,,,582db4d3-fea2-4c01-a6fb-8bac62a5f2ee,S,76,2,"Topology, Calculus and Approximation-Vilmos Komornik_76_solution_part_2.png"
"Topology, Calculus and Approximation-Vilmos Komornik_77_problem.png",FALSE,TRUE,,,,35ef35f0-d143-4efe-bdcd-0b79ad364a35,P,77,0,"Topology, Calculus and Approximation-Vilmos Komornik_77_problem.png"
"Topology, Calculus and Approximation-Vilmos Komornik_77_solution.png",FALSE,TRUE,,,,c49cd78d-66bb-4885-8409-ac15a9e7af85,S,77,0,"Topology, Calculus and Approximation-Vilmos Komornik_77_solution.png"
"Topology, Calculus and Approximation-Vilmos Komornik_78_problem.png",FALSE,TRUE,,,,c97e1a0d-9b6d-4c0f-a362-d41372732af3,P,78,0,"Topology, Calculus and Approximation-Vilmos Komornik_78_problem.png"
"Topology, Calculus and Approximation-Vilmos Komornik_78_solution_part_1.png",FALSE,TRUE,,,,c8adf2ff-c73f-469b-b79f-bca42ba6925f,S,78,1,"Topology, Calculus and Approximation-Vilmos Komornik_78_solution_part_1.png"
"Topology, Calculus and Approximation-Vilmos Komornik_78_solution_part_2.png",FALSE,TRUE,,,,45cbec10-f359-4b32-a2b5-9d44fe9be69f,S,78,2,"Topology, Calculus and Approximation-Vilmos Komornik_78_solution_part_2.png"
"Topology, Calculus and Approximation-Vilmos Komornik_79_problem.png",FALSE,TRUE,,,,2677ac54-ab3a-44ac-a1e7-0e7e67b31e2b,P,79,0,"Topology, Calculus and Approximation-Vilmos Komornik_79_problem.png"
"Topology, Calculus and Approximation-Vilmos Komornik_79_solution_part_1.png",FALSE,TRUE,,,,cd8e2cbe-c77a-4a69-9f00-bdd26b2b3d9c,S,79,1,"Topology, Calculus and Approximation-Vilmos Komornik_79_solution_part_1.png"
"Topology, Calculus and Approximation-Vilmos Komornik_79_solution_part_2.png",TRUE,TRUE,,,,cd174f72-cecc-43b2-be0c-bce366af78cc,S,79,2,"Topology, Calculus and Approximation-Vilmos Komornik_79_solution_part_2.png"
"Topology, Calculus and Approximation-Vilmos Komornik_79_solution_part_3.png",FALSE,TRUE,,,,b6476876-5aa1-4b00-95a1-9170d128b13b,S,79,3,"Topology, Calculus and Approximation-Vilmos Komornik_79_solution_part_3.png"
"Topology, Calculus and Approximation-Vilmos Komornik_80_problem.png",FALSE,TRUE,,,,5c5529b5-da52-4bb3-a64a-c20ff229a74e,P,80,0,"Topology, Calculus and Approximation-Vilmos Komornik_80_problem.png"
"Topology, Calculus and Approximation-Vilmos Komornik_80_solution_part_1.png",TRUE,TRUE,,,,26652ad8-b5f0-43e0-9b9f-eb4ef88886fc,S,80,1,"Topology, Calculus and Approximation-Vilmos Komornik_80_solution_part_1.png"
"Topology, Calculus and Approximation-Vilmos Komornik_80_solution_part_2.png",FALSE,TRUE,,,,dcc34ffe-d072-4b54-8a84-3d21700e851e,S,80,2,"Topology, Calculus and Approximation-Vilmos Komornik_80_solution_part_2.png"
"Topology, Calculus and Approximation-Vilmos Komornik_81_problem.png",FALSE,TRUE,,,,195880f1-6250-4db6-81f7-daeebc3f9041,P,81,0,"Topology, Calculus and Approximation-Vilmos Komornik_81_problem.png"
"Topology, Calculus and Approximation-Vilmos Komornik_81_solution.png",FALSE,TRUE,,,,ec531320-4eda-4b90-8a6c-4ee63bda36e4,S,81,0,"Topology, Calculus and Approximation-Vilmos Komornik_81_solution.png"
"Topology, Calculus and Approximation-Vilmos Komornik_82_problem_part_1.png",FALSE,TRUE,,,,750bb523-46b8-4c27-bdf2-98011e170ffe,P,82,1,"Topology, Calculus and Approximation-Vilmos Komornik_82_problem_part_1.png"
"Topology, Calculus and Approximation-Vilmos Komornik_82_problem_part_2.png",FALSE,TRUE,,,,ce86e4a0-c5a9-4f46-8b6b-c46b79d141fb,P,82,2,"Topology, Calculus and Approximation-Vilmos Komornik_82_problem_part_2.png"
"Topology, Calculus and Approximation-Vilmos Komornik_82_solution.png",FALSE,TRUE,,,,85ff6cba-1cc7-4df5-ade5-cf4420ef2729,S,82,0,"Topology, Calculus and Approximation-Vilmos Komornik_82_solution.png"
"Topology, Calculus and Approximation-Vilmos Komornik_83_problem.png",FALSE,TRUE,,,,eed89480-4d20-4766-85aa-f2c94de31ae2,P,83,0,"Topology, Calculus and Approximation-Vilmos Komornik_83_problem.png"
"Topology, Calculus and Approximation-Vilmos Komornik_83_solution.png",FALSE,TRUE,,,,97606f5c-7ff3-48ca-bf0f-ad11a52ec6ea,S,83,0,"Topology, Calculus and Approximation-Vilmos Komornik_83_solution.png"
"Topology, Calculus and Approximation-Vilmos Komornik_84_problem.png",FALSE,TRUE,,,,3862a80f-a0bd-4107-8cff-82dbac7e9f2f,P,84,0,"Topology, Calculus and Approximation-Vilmos Komornik_84_problem.png"
"Topology, Calculus and Approximation-Vilmos Komornik_84_solution_part_1.png",FALSE,TRUE,,,,c523af57-5df1-4a86-a31f-4e491db39742,S,84,1,"Topology, Calculus and Approximation-Vilmos Komornik_84_solution_part_1.png"
"Topology, Calculus and Approximation-Vilmos Komornik_84_solution_part_2.png",FALSE,TRUE,,,,022b1f3d-f3f1-4654-ab2b-908a98c20cf2,S,84,2,"Topology, Calculus and Approximation-Vilmos Komornik_84_solution_part_2.png"
"Topology, Calculus and Approximation-Vilmos Komornik_84_solution_part_3.png",FALSE,TRUE,,,,0c1addbc-5326-47b6-90f5-0c6ff89809e0,S,84,3,"Topology, Calculus and Approximation-Vilmos Komornik_84_solution_part_3.png"
"Topology, Calculus and Approximation-Vilmos Komornik_84_solution_part_4.png",FALSE,TRUE,,,,cad2b660-119b-4b39-adf8-4a1ed10c5d76,S,84,4,"Topology, Calculus and Approximation-Vilmos Komornik_84_solution_part_4.png"
"Topology, Calculus and Approximation-Vilmos Komornik_85_problem.png",FALSE,TRUE,,,,6bb97564-8a7e-4b09-8ae3-2da41eecb0e7,P,85,0,"Topology, Calculus and Approximation-Vilmos Komornik_85_problem.png"
"Topology, Calculus and Approximation-Vilmos Komornik_85_solution_part_1.png",FALSE,TRUE,,,,33fe12a7-d47d-49a7-aa1a-7e010e8428a8,S,85,1,"Topology, Calculus and Approximation-Vilmos Komornik_85_solution_part_1.png"
"Topology, Calculus and Approximation-Vilmos Komornik_85_solution_part_2.png",FALSE,TRUE,,,,7ae132bc-3691-4ad7-a1d2-81db90ca32b8,S,85,2,"Topology, Calculus and Approximation-Vilmos Komornik_85_solution_part_2.png"
"Topology, Calculus and Approximation-Vilmos Komornik_85_solution_part_3.png",FALSE,TRUE,,,,aa948a20-0ff8-4803-b7cc-f0ba0d282615,S,85,3,"Topology, Calculus and Approximation-Vilmos Komornik_85_solution_part_3.png"
"Topology, Calculus and Approximation-Vilmos Komornik_86_problem.png",FALSE,TRUE,,,,82abb7c4-e9e8-4ee9-ac05-fef1c6351a8b,P,86,0,"Topology, Calculus and Approximation-Vilmos Komornik_86_problem.png"
"Topology, Calculus and Approximation-Vilmos Komornik_86_solution.png",FALSE,TRUE,,,,bf75ba9d-0731-4f1c-b036-36c66766cd08,S,86,0,"Topology, Calculus and Approximation-Vilmos Komornik_86_solution.png"
"Topology, Calculus and Approximation-Vilmos Komornik_87_problem.png",FALSE,TRUE,,,,f87bcb55-50a7-417b-bdb3-f632fbeb4c85,P,87,0,"Topology, Calculus and Approximation-Vilmos Komornik_87_problem.png"
"Topology, Calculus and Approximation-Vilmos Komornik_87_solution_part_1.png",FALSE,TRUE,,,,8e26ec87-9e2a-4e9c-aeb4-36d5d7a51f08,S,87,1,"Topology, Calculus and Approximation-Vilmos Komornik_87_solution_part_1.png"
"Topology, Calculus and Approximation-Vilmos Komornik_87_solution_part_2.png",FALSE,TRUE,,,,736b6d4f-0a74-46e2-ba4c-f1cf243c0d46,S,87,2,"Topology, Calculus and Approximation-Vilmos Komornik_87_solution_part_2.png"
"Topology, Calculus and Approximation-Vilmos Komornik_88_problem.png",FALSE,TRUE,,,,ae78218f-15ce-47f9-8a02-c1db4bacc3ce,P,88,0,"Topology, Calculus and Approximation-Vilmos Komornik_88_problem.png"
"Topology, Calculus and Approximation-Vilmos Komornik_88_solution_part_1.png",FALSE,TRUE,,,,124ea546-11cd-4894-901b-c227d704f2a8,S,88,1,"Topology, Calculus and Approximation-Vilmos Komornik_88_solution_part_1.png"
"Topology, Calculus and Approximation-Vilmos Komornik_88_solution_part_2.png",FALSE,TRUE,,,,64572b62-e674-42d7-b45c-d67ff584977a,S,88,2,"Topology, Calculus and Approximation-Vilmos Komornik_88_solution_part_2.png"
"Topology, Calculus and Approximation-Vilmos Komornik_88_solution_part_3.png",FALSE,TRUE,,,,b9e23157-00f3-44cc-9c50-7c7adfb2c4ff,S,88,3,"Topology, Calculus and Approximation-Vilmos Komornik_88_solution_part_3.png"
"Topology, Calculus and Approximation-Vilmos Komornik_89_problem.png",FALSE,TRUE,,,,bf1e409b-1b86-4677-8d76-1318da790b5a,P,89,0,"Topology, Calculus and Approximation-Vilmos Komornik_89_problem.png"
"Topology, Calculus and Approximation-Vilmos Komornik_89_solution.png",FALSE,TRUE,,,,7022ff3b-9e0e-4769-b681-ddbdcc0e2a1e,S,89,0,"Topology, Calculus and Approximation-Vilmos Komornik_89_solution.png"
"Topology, Calculus and Approximation-Vilmos Komornik_90_problem.png",FALSE,TRUE,,,,55b70ba4-358d-48f0-ac52-3812207c9b94,P,90,0,"Topology, Calculus and Approximation-Vilmos Komornik_90_problem.png"
"Topology, Calculus and Approximation-Vilmos Komornik_90_solution_part_1.png",FALSE,TRUE,,,,38eb3de1-e02c-4fec-a92a-8e537fb3d654,S,90,1,"Topology, Calculus and Approximation-Vilmos Komornik_90_solution_part_1.png"
"Topology, Calculus and Approximation-Vilmos Komornik_90_solution_part_2.png",FALSE,TRUE,,,,f2ae313a-2c48-4e24-89af-38791a7e4481,S,90,2,"Topology, Calculus and Approximation-Vilmos Komornik_90_solution_part_2.png"
"Topology, Calculus and Approximation-Vilmos Komornik_91_problem.png",FALSE,TRUE,,,,fe7d77af-d449-48ee-be7b-b3cc8c29a882,P,91,0,"Topology, Calculus and Approximation-Vilmos Komornik_91_problem.png"
"Topology, Calculus and Approximation-Vilmos Komornik_91_solution.png",FALSE,TRUE,,,,bb9944e3-cb26-45d3-b5c8-c082c96b39d0,S,91,0,"Topology, Calculus and Approximation-Vilmos Komornik_91_solution.png"
"Topology, Calculus and Approximation-Vilmos Komornik_92_problem.png",FALSE,TRUE,,,,c24ae900-1c9a-4c19-a342-9b9394617857,P,92,0,"Topology, Calculus and Approximation-Vilmos Komornik_92_problem.png"
"Topology, Calculus and Approximation-Vilmos Komornik_92_solution.png",FALSE,TRUE,,,,3903bace-b250-41da-b165-33763100905f,S,92,0,"Topology, Calculus and Approximation-Vilmos Komornik_92_solution.png"
"Topology, Calculus and Approximation-Vilmos Komornik_93_problem.png",FALSE,TRUE,,,,9acd16ea-ca25-4a79-b8a9-87c27134d5fa,P,93,0,"Topology, Calculus and Approximation-Vilmos Komornik_93_problem.png"
"Topology, Calculus and Approximation-Vilmos Komornik_93_solution.png",FALSE,TRUE,,,,202f17b8-6095-42c9-b76b-7080ced3dbce,S,93,0,"Topology, Calculus and Approximation-Vilmos Komornik_93_solution.png"
"Topology, Calculus and Approximation-Vilmos Komornik_94_problem.png",FALSE,TRUE,,,,7d7cd64c-c628-4374-99e5-249d65f38dce,P,94,0,"Topology, Calculus and Approximation-Vilmos Komornik_94_problem.png"
"Topology, Calculus and Approximation-Vilmos Komornik_94_solution.png",FALSE,TRUE,,,,fdaac6e3-eca5-4363-a693-5d5870c9fa6a,S,94,0,"Topology, Calculus and Approximation-Vilmos Komornik_94_solution.png"
"Topology, Calculus and Approximation-Vilmos Komornik_95_problem.png",FALSE,TRUE,,,,ea908a54-47c5-4c58-9382-608f4f969cf2,P,95,0,"Topology, Calculus and Approximation-Vilmos Komornik_95_problem.png"
"Topology, Calculus and Approximation-Vilmos Komornik_95_solution.png",FALSE,TRUE,,,,e8f7d21d-f254-4205-85c7-a62f3156510f,S,95,0,"Topology, Calculus and Approximation-Vilmos Komornik_95_solution.png"
"Topology, Calculus and Approximation-Vilmos Komornik_96_problem.png",FALSE,TRUE,,,,377b0f82-b740-4b08-ba52-bc36692b0b95,P,96,0,"Topology, Calculus and Approximation-Vilmos Komornik_96_problem.png"
"Topology, Calculus and Approximation-Vilmos Komornik_96_solution.png",FALSE,TRUE,,,,0b1da5a6-376f-4918-9d22-156ae90daa3e,S,96,0,"Topology, Calculus and Approximation-Vilmos Komornik_96_solution.png"
"Topology, Calculus and Approximation-Vilmos Komornik_97_problem.png",FALSE,TRUE,,,,7c22e099-6e56-4270-b5b9-89b7795d0ba3,P,97,0,"Topology, Calculus and Approximation-Vilmos Komornik_97_problem.png"
"Topology, Calculus and Approximation-Vilmos Komornik_97_solution_part_1.png",FALSE,TRUE,,,,48d25d2c-7a9c-4e2b-beb8-b35d538105b9,S,97,1,"Topology, Calculus and Approximation-Vilmos Komornik_97_solution_part_1.png"
"Topology, Calculus and Approximation-Vilmos Komornik_97_solution_part_2.png",FALSE,TRUE,,,,2c8c33a5-0d83-4689-b5df-f474dc8ae952,S,97,2,"Topology, Calculus and Approximation-Vilmos Komornik_97_solution_part_2.png"
"Topology, Calculus and Approximation-Vilmos Komornik_98_problem.png",FALSE,TRUE,,,,2571373a-f794-4fed-8b40-5063afcaac48,P,98,0,"Topology, Calculus and Approximation-Vilmos Komornik_98_problem.png"
"Topology, Calculus and Approximation-Vilmos Komornik_98_solution_part_1.png",FALSE,TRUE,,,,a5931f01-cbc9-427b-83e6-2fe52cd269ad,S,98,1,"Topology, Calculus and Approximation-Vilmos Komornik_98_solution_part_1.png"
"Topology, Calculus and Approximation-Vilmos Komornik_98_solution_part_2.png",FALSE,TRUE,,,,b005f42a-5ec7-4ba1-bb66-32cbdebbfa40,S,98,2,"Topology, Calculus and Approximation-Vilmos Komornik_98_solution_part_2.png"
"Topology, Calculus and Approximation-Vilmos Komornik_98_solution_part_3.png",FALSE,TRUE,,,,9660719c-dfab-4ded-b35d-1e7ac06fc29b,S,98,3,"Topology, Calculus and Approximation-Vilmos Komornik_98_solution_part_3.png"
"Topology, Calculus and Approximation-Vilmos Komornik_99_problem_part_1.png",FALSE,TRUE,,,,8d3dcdf0-c8c9-409f-ba62-08f7853723b5,P,99,1,"Topology, Calculus and Approximation-Vilmos Komornik_99_problem_part_1.png"
"Topology, Calculus and Approximation-Vilmos Komornik_99_problem_part_2.png",FALSE,TRUE,,,,dd05b4a9-afcb-4f6b-993c-c83b25836728,P,99,2,"Topology, Calculus and Approximation-Vilmos Komornik_99_problem_part_2.png"
"Topology, Calculus and Approximation-Vilmos Komornik_99_solution.png",FALSE,TRUE,,,,edad929b-376e-4289-a426-63478ee551ce,S,99,0,"Topology, Calculus and Approximation-Vilmos Komornik_99_solution.png"
"Topology, Calculus and Approximation-Vilmos Komornik_100_problem.png",FALSE,TRUE,,,,88d3ee4b-3fdd-4a8b-acc1-375f0a71d629,P,100,0,"Topology, Calculus and Approximation-Vilmos Komornik_100_problem.png"
"Topology, Calculus and Approximation-Vilmos Komornik_100_solution.png",FALSE,TRUE,,,,53a89bb5-9931-489b-b4c3-2ae2ace40bc9,S,100,0,"Topology, Calculus and Approximation-Vilmos Komornik_100_solution.png"
"Topology, Calculus and Approximation-Vilmos Komornik_101_problem.png",FALSE,TRUE,,,,a3755d23-267f-4096-ae8e-3e622fbe704c,P,101,0,"Topology, Calculus and Approximation-Vilmos Komornik_101_problem.png"
"Topology, Calculus and Approximation-Vilmos Komornik_101_solution.png",FALSE,TRUE,,,,f6413b77-97ae-4c02-9abe-cd38f0a53356,S,101,0,"Topology, Calculus and Approximation-Vilmos Komornik_101_solution.png"
"Topology, Calculus and Approximation-Vilmos Komornik_102_problem.png",FALSE,TRUE,,,,41fcbd00-a233-4768-a8d7-9e6fcff3d98c,P,102,0,"Topology, Calculus and Approximation-Vilmos Komornik_102_problem.png"
"Topology, Calculus and Approximation-Vilmos Komornik_102_solution.png",FALSE,TRUE,,,,08451946-bd64-469a-873a-b4989b4664ff,S,102,0,"Topology, Calculus and Approximation-Vilmos Komornik_102_solution.png"
"Topology, Calculus and Approximation-Vilmos Komornik_103_problem.png",FALSE,TRUE,,,,17e38cda-3bac-4343-be05-e69de040d83c,P,103,0,"Topology, Calculus and Approximation-Vilmos Komornik_103_problem.png"
"Topology, Calculus and Approximation-Vilmos Komornik_103_solution.png",FALSE,TRUE,,,,9e117b3d-d0e5-493b-b5da-662ff98b68cf,S,103,0,"Topology, Calculus and Approximation-Vilmos Komornik_103_solution.png"
"Topology, Calculus and Approximation-Vilmos Komornik_104_problem.png",FALSE,FALSE,,,,e4d3209d-1b55-4d0f-934b-a2368e2cede3,P,104,0,"Topology, Calculus and Approximation-Vilmos Komornik_104_problem.png"
"Topology, Calculus and Approximation-Vilmos Komornik_104_solution_part_1.png",FALSE,FALSE,,,,256fadb9-6001-418d-9f9c-3fe468a77878,S,104,1,"Topology, Calculus and Approximation-Vilmos Komornik_104_solution_part_1.png"
"Topology, Calculus and Approximation-Vilmos Komornik_104_solution_part_2.png",FALSE,FALSE,,,,6a0dde47-6861-4183-ace9-0bdf7b603c77,S,104,2,"Topology, Calculus and Approximation-Vilmos Komornik_104_solution_part_2.png"
"Topology, Calculus and Approximation-Vilmos Komornik_105_problem.png",FALSE,TRUE,,,,ca43a472-9d0d-44aa-9072-8f40d55e54da,P,105,0,"Topology, Calculus and Approximation-Vilmos Komornik_105_problem.png"
"Topology, Calculus and Approximation-Vilmos Komornik_105_solution_part_1.png",FALSE,TRUE,,,,076007c6-4d6c-409f-810d-48e12cd0e06b,S,105,1,"Topology, Calculus and Approximation-Vilmos Komornik_105_solution_part_1.png"
"Topology, Calculus and Approximation-Vilmos Komornik_105_solution_part_2.png",FALSE,TRUE,,,,721bee4e-425e-4e0c-b7aa-6dc217de535d,S,105,2,"Topology, Calculus and Approximation-Vilmos Komornik_105_solution_part_2.png"
"Topology, Calculus and Approximation-Vilmos Komornik_106_problem.png",FALSE,TRUE,,,,dc8e7eeb-0347-4213-a105-e2fc78f10a67,P,106,0,"Topology, Calculus and Approximation-Vilmos Komornik_106_problem.png"
"Topology, Calculus and Approximation-Vilmos Komornik_106_solution.png",FALSE,TRUE,,,,e026fa85-b08d-458d-9359-97e18cd59989,S,106,0,"Topology, Calculus and Approximation-Vilmos Komornik_106_solution.png"
"Topology, Calculus and Approximation-Vilmos Komornik_107_problem.png",FALSE,FALSE,,,,b9cc66db-daea-4b3b-9fc3-64a66669470f,P,107,0,"Topology, Calculus and Approximation-Vilmos Komornik_107_problem.png"
"Topology, Calculus and Approximation-Vilmos Komornik_107_solution_part_1.png",FALSE,FALSE,,,,b9e32a05-5576-49e7-b199-cea1ebd3cdb8,S,107,1,"Topology, Calculus and Approximation-Vilmos Komornik_107_solution_part_1.png"
"Topology, Calculus and Approximation-Vilmos Komornik_107_solution_part_2.png",FALSE,FALSE,,,,dffa4765-9d88-4e10-a187-5dfcd4ff6cd0,S,107,2,"Topology, Calculus and Approximation-Vilmos Komornik_107_solution_part_2.png"
"Topology, Calculus and Approximation-Vilmos Komornik_108_problem.png",FALSE,FALSE,,,,f57eb881-2fbf-454d-a3f9-0af58ff138ac,P,108,0,"Topology, Calculus and Approximation-Vilmos Komornik_108_problem.png"
"Topology, Calculus and Approximation-Vilmos Komornik_108_solution.png",FALSE,FALSE,,,,c74c49e2-82de-47e9-9560-63d66839b0ee,S,108,0,"Topology, Calculus and Approximation-Vilmos Komornik_108_solution.png"
"Topology, Calculus and Approximation-Vilmos Komornik_109_problem.png",FALSE,FALSE,,,,b4378e7b-3f58-4d86-b4f2-8af382eb3147,P,109,0,"Topology, Calculus and Approximation-Vilmos Komornik_109_problem.png"
"Topology, Calculus and Approximation-Vilmos Komornik_109_solution_part_1.png",FALSE,FALSE,,,,064da09e-5218-4dfd-ad89-42cc988f13f6,S,109,1,"Topology, Calculus and Approximation-Vilmos Komornik_109_solution_part_1.png"
"Topology, Calculus and Approximation-Vilmos Komornik_109_solution_part_2.png",FALSE,FALSE,,,,1e65db28-d682-49ea-b998-7f0a207b7458,S,109,2,"Topology, Calculus and Approximation-Vilmos Komornik_109_solution_part_2.png"
"Topology, Calculus and Approximation-Vilmos Komornik_110_problem_part_1.png",FALSE,TRUE,,,,793d30a1-2bfc-4bbe-9cde-b03df56d7c40,P,110,1,"Topology, Calculus and Approximation-Vilmos Komornik_110_problem_part_1.png"
"Topology, Calculus and Approximation-Vilmos Komornik_110_problem_part_2.png",FALSE,TRUE,,,,8be4fa36-646a-4888-bf1a-3f25e17556c4,P,110,2,"Topology, Calculus and Approximation-Vilmos Komornik_110_problem_part_2.png"
"Topology, Calculus and Approximation-Vilmos Komornik_110_solution_part_1.png",FALSE,TRUE,,,,0e28587d-698e-4ab2-9566-38e3c781e070,S,110,1,"Topology, Calculus and Approximation-Vilmos Komornik_110_solution_part_1.png"
"Topology, Calculus and Approximation-Vilmos Komornik_110_solution_part_2.png",FALSE,TRUE,,,,cd277cae-4921-4446-b4bb-ee9b2d3eee3e,S,110,2,"Topology, Calculus and Approximation-Vilmos Komornik_110_solution_part_2.png"
"Topology, Calculus and Approximation-Vilmos Komornik_110_solution_part_3.png",FALSE,TRUE,,,,e3c191ad-d4c0-4ae1-a1db-631ea251e506,S,110,3,"Topology, Calculus and Approximation-Vilmos Komornik_110_solution_part_3.png"
"Topology, Calculus and Approximation-Vilmos Komornik_111_problem.png",FALSE,TRUE,,,,0c10374b-2ef0-43e7-b126-d8114438f895,P,111,0,"Topology, Calculus and Approximation-Vilmos Komornik_111_problem.png"
"Topology, Calculus and Approximation-Vilmos Komornik_111_solution_part_1.png",FALSE,TRUE,,,,5029d687-10cf-4587-a8d7-1bd16db956f4,S,111,1,"Topology, Calculus and Approximation-Vilmos Komornik_111_solution_part_1.png"
"Topology, Calculus and Approximation-Vilmos Komornik_111_solution_part_2.png",FALSE,TRUE,,,,aa746cfa-9dcd-43a3-b631-50e13e0887c3,S,111,2,"Topology, Calculus and Approximation-Vilmos Komornik_111_solution_part_2.png"
"Topology, Calculus and Approximation-Vilmos Komornik_111_solution_part_3.png",FALSE,TRUE,,,,432a5ee7-b859-4fab-a403-d0b60106ebef,S,111,3,"Topology, Calculus and Approximation-Vilmos Komornik_111_solution_part_3.png"
"Topology, Calculus and Approximation-Vilmos Komornik_112_problem.png",FALSE,TRUE,,,,5915c859-47bb-43f5-a450-42d226898384,P,112,0,"Topology, Calculus and Approximation-Vilmos Komornik_112_problem.png"
"Topology, Calculus and Approximation-Vilmos Komornik_112_solution_part_1.png",FALSE,TRUE,,,,fbe54ca1-c769-4333-b519-ea12cf427a05,S,112,1,"Topology, Calculus and Approximation-Vilmos Komornik_112_solution_part_1.png"
"Topology, Calculus and Approximation-Vilmos Komornik_112_solution_part_2.png",FALSE,TRUE,,,,d16af1ed-d813-4c78-bfb6-e7227aca42e3,S,112,2,"Topology, Calculus and Approximation-Vilmos Komornik_112_solution_part_2.png"
"Topology, Calculus and Approximation-Vilmos Komornik_112_solution_part_3.png",FALSE,FALSE,,,,10b4f080-3db3-4616-a581-b79a5f82ab26,S,112,3,"Topology, Calculus and Approximation-Vilmos Komornik_112_solution_part_3.png"
"Topology, Calculus and Approximation-Vilmos Komornik_113_problem.png",FALSE,TRUE,,,,6b22fb46-4bab-4476-95ad-0a9452398544,P,113,0,"Topology, Calculus and Approximation-Vilmos Komornik_113_problem.png"
"Topology, Calculus and Approximation-Vilmos Komornik_113_solution_part_1.png",FALSE,TRUE,,,,a2e17c0f-8975-4fb1-87fe-0c576bbf1ee0,S,113,1,"Topology, Calculus and Approximation-Vilmos Komornik_113_solution_part_1.png"
"Topology, Calculus and Approximation-Vilmos Komornik_113_solution_part_2.png",FALSE,TRUE,,,,d194aa0e-1f47-46a1-b4e9-bbdea37e1667,S,113,2,"Topology, Calculus and Approximation-Vilmos Komornik_113_solution_part_2.png"
"Topology, Calculus and Approximation-Vilmos Komornik_113_solution_part_3.png",FALSE,TRUE,,,,4c523e01-774d-4fd6-947b-e0d2dcddde42,S,113,3,"Topology, Calculus and Approximation-Vilmos Komornik_113_solution_part_3.png"
"Topology, Calculus and Approximation-Vilmos Komornik_114_problem.png",FALSE,TRUE,,,,f904887d-1746-4552-974f-727acde5c6d0,P,114,0,"Topology, Calculus and Approximation-Vilmos Komornik_114_problem.png"
"Topology, Calculus and Approximation-Vilmos Komornik_114_solution_part_1.png",FALSE,TRUE,,,,5043708f-dd6c-42e9-9d2a-f7cd81756d41,S,114,1,"Topology, Calculus and Approximation-Vilmos Komornik_114_solution_part_1.png"
"Topology, Calculus and Approximation-Vilmos Komornik_114_solution_part_2.png",TRUE,TRUE,,,,e9b7e733-619a-41e3-ae9a-bbd7ad91234a,S,114,2,"Topology, Calculus and Approximation-Vilmos Komornik_114_solution_part_2.png"
"Topology, Calculus and Approximation-Vilmos Komornik_115_problem.png",TRUE,TRUE,,,,7f861d84-497e-4ea1-a542-112e6519e825,P,115,0,"Topology, Calculus and Approximation-Vilmos Komornik_115_problem.png"
"Topology, Calculus and Approximation-Vilmos Komornik_115_solution.png",FALSE,TRUE,,,,7141f470-e50a-41aa-abd6-28df19fba899,S,115,0,"Topology, Calculus and Approximation-Vilmos Komornik_115_solution.png"
"Topology, Calculus and Approximation-Vilmos Komornik_116_problem.png",FALSE,TRUE,,,,b8f627ff-9f19-418d-ab57-5aa6920cfbe1,P,116,0,"Topology, Calculus and Approximation-Vilmos Komornik_116_problem.png"
"Topology, Calculus and Approximation-Vilmos Komornik_116_solution_part_1.png",FALSE,TRUE,,,,1abe3131-5476-4066-99c4-127b366557cb,S,116,1,"Topology, Calculus and Approximation-Vilmos Komornik_116_solution_part_1.png"
"Topology, Calculus and Approximation-Vilmos Komornik_116_solution_part_2.png",FALSE,TRUE,,,,dfd1890d-23e9-4292-afe6-31014e65b3fe,S,116,2,"Topology, Calculus and Approximation-Vilmos Komornik_116_solution_part_2.png"
"Topology, Calculus and Approximation-Vilmos Komornik_117_problem.png",FALSE,TRUE,,,,1c6b16c2-6c6e-4342-bd64-d31ac62a34e6,P,117,0,"Topology, Calculus and Approximation-Vilmos Komornik_117_problem.png"
"Topology, Calculus and Approximation-Vilmos Komornik_117_solution.png",FALSE,TRUE,,,,4f7d68fc-2309-4bb3-9d4d-25a2d59da71c,S,117,0,"Topology, Calculus and Approximation-Vilmos Komornik_117_solution.png"
"Topology, Calculus and Approximation-Vilmos Komornik_118_problem.png",FALSE,TRUE,,,,7e21d081-0bfa-4df9-b132-fd36eed2e971,P,118,0,"Topology, Calculus and Approximation-Vilmos Komornik_118_problem.png"
"Topology, Calculus and Approximation-Vilmos Komornik_118_solution.png",FALSE,TRUE,,,,e196b300-39d2-49e5-98d0-df9d552bfea1,S,118,0,"Topology, Calculus and Approximation-Vilmos Komornik_118_solution.png"
"Topology, Calculus and Approximation-Vilmos Komornik_119_problem.png",FALSE,TRUE,,,,1729acc6-b586-40ba-afc4-9fa367f9b983,P,119,0,"Topology, Calculus and Approximation-Vilmos Komornik_119_problem.png"
"Topology, Calculus and Approximation-Vilmos Komornik_119_solution_part_1.png",FALSE,TRUE,,,,5c39599f-2f63-47b0-a1f5-592a6eb14e7f,S,119,1,"Topology, Calculus and Approximation-Vilmos Komornik_119_solution_part_1.png"
"Topology, Calculus and Approximation-Vilmos Komornik_119_solution_part_2.png",FALSE,TRUE,,,,8afb1665-1c46-4297-9a52-7c6d86754d68,S,119,2,"Topology, Calculus and Approximation-Vilmos Komornik_119_solution_part_2.png"
"Topology, Calculus and Approximation-Vilmos Komornik_120_problem.png",FALSE,TRUE,,,,6b86ea20-c431-42ea-8a75-3a0fd0cf6a96,P,120,0,"Topology, Calculus and Approximation-Vilmos Komornik_120_problem.png"
"Topology, Calculus and Approximation-Vilmos Komornik_120_solution.png",FALSE,TRUE,,,,305c3298-0848-44f1-af1b-6e993625cb9e,S,120,0,"Topology, Calculus and Approximation-Vilmos Komornik_120_solution.png"
"Topology, Calculus and Approximation-Vilmos Komornik_121_problem.png",FALSE,TRUE,,,,d7d549be-fb42-4232-a726-d25d3c38565e,P,121,0,"Topology, Calculus and Approximation-Vilmos Komornik_121_problem.png"
"Topology, Calculus and Approximation-Vilmos Komornik_121_solution_part_1.png",FALSE,TRUE,,,,127bb04d-61c4-4d6d-9de2-6546bbbb7e92,S,121,1,"Topology, Calculus and Approximation-Vilmos Komornik_121_solution_part_1.png"
"Topology, Calculus and Approximation-Vilmos Komornik_121_solution_part_2.png",FALSE,TRUE,,,,4dd48796-f379-4f19-b0f2-d7e536b5e88e,S,121,2,"Topology, Calculus and Approximation-Vilmos Komornik_121_solution_part_2.png"
"Topology, Calculus and Approximation-Vilmos Komornik_121_solution_part_3.png",FALSE,TRUE,,,,d38f134c-68f7-4b22-b7f7-b1dd7f40d9e7,S,121,3,"Topology, Calculus and Approximation-Vilmos Komornik_121_solution_part_3.png"
"Topology, Calculus and Approximation-Vilmos Komornik_122_problem.png",FALSE,TRUE,,,,756381b5-1f58-4b5a-a38f-fcde3f1babf5,P,122,0,"Topology, Calculus and Approximation-Vilmos Komornik_122_problem.png"
"Topology, Calculus and Approximation-Vilmos Komornik_122_solution_part_1.png",FALSE,TRUE,,,,b1524671-ab0a-4748-a49e-8a4a3370e20d,S,122,1,"Topology, Calculus and Approximation-Vilmos Komornik_122_solution_part_1.png"
"Topology, Calculus and Approximation-Vilmos Komornik_122_solution_part_2.png",FALSE,TRUE,,,,ca7f85e1-a6f0-4bb8-91bd-94e9e67b5721,S,122,2,"Topology, Calculus and Approximation-Vilmos Komornik_122_solution_part_2.png"
"Topology, Calculus and Approximation-Vilmos Komornik_122_solution_part_3.png",FALSE,TRUE,,,,319e6f36-0660-4e75-a442-d487bf13b093,S,122,3,"Topology, Calculus and Approximation-Vilmos Komornik_122_solution_part_3.png"
"Topology, Calculus and Approximation-Vilmos Komornik_123_problem.png",FALSE,TRUE,,,,8c44e5db-8dff-48ad-8575-073dcb59b95f,P,123,0,"Topology, Calculus and Approximation-Vilmos Komornik_123_problem.png"
"Topology, Calculus and Approximation-Vilmos Komornik_123_solution.png",FALSE,TRUE,,,,26052136-7fea-4979-90f2-37eb1c585c8f,S,123,0,"Topology, Calculus and Approximation-Vilmos Komornik_123_solution.png"
"Topology, Calculus and Approximation-Vilmos Komornik_124_problem.png",FALSE,FALSE,,,,6734ae90-2a89-4ea4-b56e-b961ddf84f81,P,124,0,"Topology, Calculus and Approximation-Vilmos Komornik_124_problem.png"
"Topology, Calculus and Approximation-Vilmos Komornik_124_solution.png",FALSE,FALSE,,,,7bd0715b-f6f5-4250-8b44-63d6267feb02,S,124,0,"Topology, Calculus and Approximation-Vilmos Komornik_124_solution.png"
"Topology, Calculus and Approximation-Vilmos Komornik_125_problem.png",FALSE,TRUE,,,,820e36e8-077c-4e12-ae72-7bcc81148ee4,P,125,0,"Topology, Calculus and Approximation-Vilmos Komornik_125_problem.png"
"Topology, Calculus and Approximation-Vilmos Komornik_125_solution_part_1.png",FALSE,TRUE,,,,064bde59-601a-440a-8a83-4daa65986f04,S,125,1,"Topology, Calculus and Approximation-Vilmos Komornik_125_solution_part_1.png"
"Topology, Calculus and Approximation-Vilmos Komornik_125_solution_part_2.png",FALSE,TRUE,,,,cf6299e8-6c26-4116-88cb-1271aba05e2c,S,125,2,"Topology, Calculus and Approximation-Vilmos Komornik_125_solution_part_2.png"
"Topology, Calculus and Approximation-Vilmos Komornik_126_problem.png",FALSE,TRUE,,,,6c4bfa98-2d62-4c98-a9dc-9ef6845d1c78,P,126,0,"Topology, Calculus and Approximation-Vilmos Komornik_126_problem.png"
"Topology, Calculus and Approximation-Vilmos Komornik_126_solution.png",FALSE,TRUE,,,,689bbd3b-f002-40e2-a827-e9d418cfff60,S,126,0,"Topology, Calculus and Approximation-Vilmos Komornik_126_solution.png"
"Topology, Calculus and Approximation-Vilmos Komornik_127_problem.png",FALSE,TRUE,,,,055fd7e4-c5da-48ae-9472-01cf24add1d2,P,127,0,"Topology, Calculus and Approximation-Vilmos Komornik_127_problem.png"
"Topology, Calculus and Approximation-Vilmos Komornik_127_solution.png",FALSE,TRUE,,,,806f419f-36cb-412f-b510-80ad313fbe9a,S,127,0,"Topology, Calculus and Approximation-Vilmos Komornik_127_solution.png"
"Topology, Calculus and Approximation-Vilmos Komornik_128_problem.png",FALSE,TRUE,,,,1713f85b-e4d5-4652-bea3-d058ac64de8a,P,128,0,"Topology, Calculus and Approximation-Vilmos Komornik_128_problem.png"
"Topology, Calculus and Approximation-Vilmos Komornik_128_solution.png",FALSE,TRUE,,,,fd193f96-8c11-4c42-b3cf-9894822b6dd6,S,128,0,"Topology, Calculus and Approximation-Vilmos Komornik_128_solution.png"
"Topology, Calculus and Approximation-Vilmos Komornik_129_problem.png",FALSE,FALSE,,,,6f0328d3-1e01-4ff3-b655-5993a3a32cff,P,129,0,"Topology, Calculus and Approximation-Vilmos Komornik_129_problem.png"
"Topology, Calculus and Approximation-Vilmos Komornik_129_solution.png",FALSE,FALSE,,,,3947ce72-9de9-401b-b98e-6d0df16b5d47,S,129,0,"Topology, Calculus and Approximation-Vilmos Komornik_129_solution.png"
"Topology, Calculus and Approximation-Vilmos Komornik_130_problem.png",FALSE,TRUE,,,,15ca0917-928e-4094-87b6-e1158e5350ad,P,130,0,"Topology, Calculus and Approximation-Vilmos Komornik_130_problem.png"
"Topology, Calculus and Approximation-Vilmos Komornik_130_solution.png",FALSE,TRUE,,,,8cdc2ca7-b97d-42b4-bf80-684bbead9612,S,130,0,"Topology, Calculus and Approximation-Vilmos Komornik_130_solution.png"
"Topology, Calculus and Approximation-Vilmos Komornik_131_problem.png",FALSE,TRUE,,,,aa750888-5f1d-48dd-ae51-0c52ff521554,P,131,0,"Topology, Calculus and Approximation-Vilmos Komornik_131_problem.png"
"Topology, Calculus and Approximation-Vilmos Komornik_131_solution_part_1.png",FALSE,TRUE,,,,4b7c21d7-4ee3-4816-85e7-8fe5ee323e99,S,131,1,"Topology, Calculus and Approximation-Vilmos Komornik_131_solution_part_1.png"
"Topology, Calculus and Approximation-Vilmos Komornik_131_solution_part_2.png",FALSE,TRUE,,,,1a00973a-fb61-4cb7-a7a1-3bb91c55a6a9,S,131,2,"Topology, Calculus and Approximation-Vilmos Komornik_131_solution_part_2.png"
"Topology, Calculus and Approximation-Vilmos Komornik_132_problem.png",FALSE,TRUE,,,,df4b05fc-793c-4844-85a5-2881c035a09b,P,132,0,"Topology, Calculus and Approximation-Vilmos Komornik_132_problem.png"
"Topology, Calculus and Approximation-Vilmos Komornik_132_solution_part_1.png",FALSE,TRUE,,,,86dee8cb-8b0e-437e-b62b-60451791eb4e,S,132,1,"Topology, Calculus and Approximation-Vilmos Komornik_132_solution_part_1.png"
"Topology, Calculus and Approximation-Vilmos Komornik_132_solution_part_2.png",FALSE,TRUE,,,,a376fcb8-1ed8-4610-9852-dadd846657e2,S,132,2,"Topology, Calculus and Approximation-Vilmos Komornik_132_solution_part_2.png"
"Topology, Calculus and Approximation-Vilmos Komornik_132_solution_part_3.png",FALSE,TRUE,,,,35267332-05c0-4442-94de-52e4e999b0ac,S,132,3,"Topology, Calculus and Approximation-Vilmos Komornik_132_solution_part_3.png"
"Topology, Calculus and Approximation-Vilmos Komornik_132_solution_part_4.png",FALSE,TRUE,,,,c7127153-73b8-49be-bbf2-4d40b0bc935a,S,132,4,"Topology, Calculus and Approximation-Vilmos Komornik_132_solution_part_4.png"
"Topology, Calculus and Approximation-Vilmos Komornik_133_problem.png",FALSE,TRUE,,,,711eeb1f-da1d-4a4b-9f7d-d1671bb2441d,P,133,0,"Topology, Calculus and Approximation-Vilmos Komornik_133_problem.png"
"Topology, Calculus and Approximation-Vilmos Komornik_133_solution_part_1.png",FALSE,TRUE,,,,b09fad80-2f83-46da-9cda-fde1ba59e518,S,133,1,"Topology, Calculus and Approximation-Vilmos Komornik_133_solution_part_1.png"
"Topology, Calculus and Approximation-Vilmos Komornik_133_solution_part_2.png",FALSE,TRUE,,,,435cbe83-9b23-43a7-941a-631fb7881d83,S,133,2,"Topology, Calculus and Approximation-Vilmos Komornik_133_solution_part_2.png"
"Topology, Calculus and Approximation-Vilmos Komornik_133_solution_part_3.png",FALSE,TRUE,,,,34e7c08e-ca08-40a4-a088-b9d2605fcb6b,S,133,3,"Topology, Calculus and Approximation-Vilmos Komornik_133_solution_part_3.png"
"Topology, Calculus and Approximation-Vilmos Komornik_133_solution_part_4.png",FALSE,TRUE,,,,6ec90712-45c7-4068-b888-42a062ee7dfa,S,133,4,"Topology, Calculus and Approximation-Vilmos Komornik_133_solution_part_4.png"
"Topology, Calculus and Approximation-Vilmos Komornik_134_problem.png",FALSE,TRUE,,,,5a4a5104-5d6c-4cea-a7f9-0971456e4ffc,P,134,0,"Topology, Calculus and Approximation-Vilmos Komornik_134_problem.png"
"Topology, Calculus and Approximation-Vilmos Komornik_134_solution.png",FALSE,TRUE,,,,6d45bafb-9ce9-446a-9151-8bf01963f4a7,S,134,0,"Topology, Calculus and Approximation-Vilmos Komornik_134_solution.png"
"Topology, Calculus and Approximation-Vilmos Komornik_135_problem.png",FALSE,TRUE,,,,425b04e1-d8de-48b3-9ead-413c67479a57,P,135,0,"Topology, Calculus and Approximation-Vilmos Komornik_135_problem.png"
"Topology, Calculus and Approximation-Vilmos Komornik_135_solution_part_1.png",FALSE,TRUE,,,,18137938-ce9e-4178-974e-c9c250144cf6,S,135,1,"Topology, Calculus and Approximation-Vilmos Komornik_135_solution_part_1.png"
"Topology, Calculus and Approximation-Vilmos Komornik_135_solution_part_2.png",FALSE,TRUE,,,,d065973b-4e2f-462a-8142-0f09d5f741f2,S,135,2,"Topology, Calculus and Approximation-Vilmos Komornik_135_solution_part_2.png"
"Topology, Calculus and Approximation-Vilmos Komornik_135_solution_part_3.png",FALSE,TRUE,,,,282a9ac9-b8c1-42e9-b047-6db5fb638590,S,135,3,"Topology, Calculus and Approximation-Vilmos Komornik_135_solution_part_3.png"
"Topology, Calculus and Approximation-Vilmos Komornik_136_problem.png",FALSE,TRUE,,,,4cfbd6ce-6dea-4f68-a1b5-4faf5ed233c6,P,136,0,"Topology, Calculus and Approximation-Vilmos Komornik_136_problem.png"
"Topology, Calculus and Approximation-Vilmos Komornik_136_solution_part_1.png",FALSE,TRUE,,,,ccb5514c-4779-4e81-a469-524953f5cea6,S,136,1,"Topology, Calculus and Approximation-Vilmos Komornik_136_solution_part_1.png"
"Topology, Calculus and Approximation-Vilmos Komornik_136_solution_part_2.png",FALSE,TRUE,,,,95bcc29d-2222-476e-a61e-c2036abc7fee,S,136,2,"Topology, Calculus and Approximation-Vilmos Komornik_136_solution_part_2.png"
"Topology, Calculus and Approximation-Vilmos Komornik_137_problem.png",FALSE,TRUE,,,,3bf0a565-6982-40b1-9ac8-29cfd25167e1,P,137,0,"Topology, Calculus and Approximation-Vilmos Komornik_137_problem.png"
"Topology, Calculus and Approximation-Vilmos Komornik_137_solution_part_1.png",FALSE,TRUE,,,,595d475b-adf9-49c6-8062-91bb3db42623,S,137,1,"Topology, Calculus and Approximation-Vilmos Komornik_137_solution_part_1.png"
"Topology, Calculus and Approximation-Vilmos Komornik_137_solution_part_2.png",FALSE,TRUE,,,,e7bfc71f-3ac5-44e3-a6f6-125a5d5926f1,S,137,2,"Topology, Calculus and Approximation-Vilmos Komornik_137_solution_part_2.png"
"Topology, Calculus and Approximation-Vilmos Komornik_137_solution_part_3.png",FALSE,TRUE,,,,ca9e7926-676a-40fa-8557-ef4635838fc5,S,137,3,"Topology, Calculus and Approximation-Vilmos Komornik_137_solution_part_3.png"
"Topology, Calculus and Approximation-Vilmos Komornik_138_problem.png",FALSE,TRUE,,,,34214986-f38b-490a-a48c-28a00c6425b7,P,138,0,"Topology, Calculus and Approximation-Vilmos Komornik_138_problem.png"
"Topology, Calculus and Approximation-Vilmos Komornik_138_solution_part_1.png",FALSE,TRUE,,,,f88338b7-055f-440a-a591-4ddab253d755,S,138,1,"Topology, Calculus and Approximation-Vilmos Komornik_138_solution_part_1.png"
"Topology, Calculus and Approximation-Vilmos Komornik_138_solution_part_2.png",FALSE,TRUE,,,,abe1a0ee-16f8-4cdd-9bb9-16abefc59f29,S,138,2,"Topology, Calculus and Approximation-Vilmos Komornik_138_solution_part_2.png"
"Topology, Calculus and Approximation-Vilmos Komornik_139_problem.png",FALSE,TRUE,,,,0060448a-05a5-43b0-a253-d7ef9319be9d,P,139,0,"Topology, Calculus and Approximation-Vilmos Komornik_139_problem.png"
"Topology, Calculus and Approximation-Vilmos Komornik_139_solution_part_1.png",FALSE,TRUE,,,,da515884-52f5-4fa9-81c9-62f7be1d2520,S,139,1,"Topology, Calculus and Approximation-Vilmos Komornik_139_solution_part_1.png"
"Topology, Calculus and Approximation-Vilmos Komornik_139_solution_part_2.png",FALSE,TRUE,,,,5c3a3392-5f8c-4c1e-8190-52903c0d40e8,S,139,2,"Topology, Calculus and Approximation-Vilmos Komornik_139_solution_part_2.png"
"Topology, Calculus and Approximation-Vilmos Komornik_140_problem.png",FALSE,TRUE,,,,54899090-65df-4493-a1bb-75cc17399e3e,P,140,0,"Topology, Calculus and Approximation-Vilmos Komornik_140_problem.png"
"Topology, Calculus and Approximation-Vilmos Komornik_140_solution.png",FALSE,TRUE,,,,998b0c6a-51a0-4ce6-9aad-22c6b53709c6,S,140,0,"Topology, Calculus and Approximation-Vilmos Komornik_140_solution.png"
"Topology, Calculus and Approximation-Vilmos Komornik_141_problem_part_1.png",FALSE,TRUE,,,,59a564f6-cc35-48e1-a261-d2dface46327,P,141,1,"Topology, Calculus and Approximation-Vilmos Komornik_141_problem_part_1.png"
"Topology, Calculus and Approximation-Vilmos Komornik_141_problem_part_2.png",FALSE,TRUE,,,,27a8f333-3147-408c-84f2-3647b1984711,P,141,2,"Topology, Calculus and Approximation-Vilmos Komornik_141_problem_part_2.png"
"Topology, Calculus and Approximation-Vilmos Komornik_141_solution_part_1.png",FALSE,TRUE,,,,fd2279da-423b-4118-bb62-8a9c5f2339f7,S,141,1,"Topology, Calculus and Approximation-Vilmos Komornik_141_solution_part_1.png"
"Topology, Calculus and Approximation-Vilmos Komornik_141_solution_part_2.png",FALSE,TRUE,,,,63731656-3d0a-475d-99d1-0d32ed734f87,S,141,2,"Topology, Calculus and Approximation-Vilmos Komornik_141_solution_part_2.png"
"Topology, Calculus and Approximation-Vilmos Komornik_141_solution_part_3.png",FALSE,TRUE,,,,12f341c5-2a69-45d6-987b-6d072b0d8a40,S,141,3,"Topology, Calculus and Approximation-Vilmos Komornik_141_solution_part_3.png"
"Topology, Calculus and Approximation-Vilmos Komornik_142_problem.png",FALSE,TRUE,,,,78646168-f71a-4fcb-8bac-65a9f5bd3cdb,P,142,0,"Topology, Calculus and Approximation-Vilmos Komornik_142_problem.png"
"Topology, Calculus and Approximation-Vilmos Komornik_142_solution_part_1.png",FALSE,TRUE,,,,00fe79ed-a549-41f4-be91-004bca0785d4,S,142,1,"Topology, Calculus and Approximation-Vilmos Komornik_142_solution_part_1.png"
"Topology, Calculus and Approximation-Vilmos Komornik_142_solution_part_2.png",FALSE,TRUE,,,,ef6863e3-b888-43a5-8100-8ce8b2e00261,S,142,2,"Topology, Calculus and Approximation-Vilmos Komornik_142_solution_part_2.png"
"Topology, Calculus and Approximation-Vilmos Komornik_143_problem_part_1.png",FALSE,TRUE,,,,3945cdda-e24c-43d8-985c-178fedcabdcc,P,143,1,"Topology, Calculus and Approximation-Vilmos Komornik_143_problem_part_1.png"
"Topology, Calculus and Approximation-Vilmos Komornik_143_problem_part_2.png",FALSE,TRUE,,,,8901841f-f2ca-4c4f-9d86-e5c26d2ed89f,P,143,2,"Topology, Calculus and Approximation-Vilmos Komornik_143_problem_part_2.png"
"Topology, Calculus and Approximation-Vilmos Komornik_143_solution_part_1.png",FALSE,TRUE,,,,26163c01-ab2f-4e58-9837-4ac9779e6017,S,143,1,"Topology, Calculus and Approximation-Vilmos Komornik_143_solution_part_1.png"
"Topology, Calculus and Approximation-Vilmos Komornik_143_solution_part_2.png",FALSE,TRUE,,,,f90b6d45-a794-41ff-a49d-2683d59e1330,S,143,2,"Topology, Calculus and Approximation-Vilmos Komornik_143_solution_part_2.png"
"Topology, Calculus and Approximation-Vilmos Komornik_144_problem.png",FALSE,TRUE,,,,6431d585-dc0b-41fa-aeb8-b995973205d4,P,144,0,"Topology, Calculus and Approximation-Vilmos Komornik_144_problem.png"
"Topology, Calculus and Approximation-Vilmos Komornik_144_solution_part_1.png",FALSE,TRUE,,,,77c07f50-c929-4eab-82de-35dfdf720c8c,S,144,1,"Topology, Calculus and Approximation-Vilmos Komornik_144_solution_part_1.png"
"Topology, Calculus and Approximation-Vilmos Komornik_144_solution_part_2.png",TRUE,TRUE,,,,8e6d55ff-7cf6-403f-9828-43a3be73aee5,S,144,2,"Topology, Calculus and Approximation-Vilmos Komornik_144_solution_part_2.png"
"Topology, Calculus and Approximation-Vilmos Komornik_145_problem_part_1.png",FALSE,TRUE,,,,824c6503-6d24-457b-ad0a-6b4a105adddb,P,145,1,"Topology, Calculus and Approximation-Vilmos Komornik_145_problem_part_1.png"
"Topology, Calculus and Approximation-Vilmos Komornik_145_problem_part_2.png",FALSE,TRUE,,,,2bdfd2a3-501f-447d-a532-e6dd112bed1a,P,145,2,"Topology, Calculus and Approximation-Vilmos Komornik_145_problem_part_2.png"
"Topology, Calculus and Approximation-Vilmos Komornik_145_solution_part_1.png",FALSE,TRUE,,,,ba7bc640-8992-4419-8969-36896101733f,S,145,1,"Topology, Calculus and Approximation-Vilmos Komornik_145_solution_part_1.png"
"Topology, Calculus and Approximation-Vilmos Komornik_145_solution_part_2.png",FALSE,TRUE,,,,ec797e8a-2248-41e2-a1ae-23e39903a29e,S,145,2,"Topology, Calculus and Approximation-Vilmos Komornik_145_solution_part_2.png"
"Topology, Calculus and Approximation-Vilmos Komornik_146_problem.png",FALSE,TRUE,,,,96cbc0be-2982-49b8-8002-aa703c8a575c,P,146,0,"Topology, Calculus and Approximation-Vilmos Komornik_146_problem.png"
"Topology, Calculus and Approximation-Vilmos Komornik_146_solution_part_1.png",FALSE,TRUE,,,,854f2eb1-7d3c-492a-96fd-00ceded99bcb,S,146,1,"Topology, Calculus and Approximation-Vilmos Komornik_146_solution_part_1.png"
"Topology, Calculus and Approximation-Vilmos Komornik_146_solution_part_2.png",FALSE,TRUE,,,,0fc303b7-a535-4fd2-bd64-ea1ad2ffca79,S,146,2,"Topology, Calculus and Approximation-Vilmos Komornik_146_solution_part_2.png"
"Topology, Calculus and Approximation-Vilmos Komornik_146_solution_part_3.png",FALSE,TRUE,,,,5bb2c0b4-eb42-4704-b5c2-df9e54285797,S,146,3,"Topology, Calculus and Approximation-Vilmos Komornik_146_solution_part_3.png"
"Topology, Calculus and Approximation-Vilmos Komornik_146_solution_part_4.png",FALSE,TRUE,,,,7e4f658f-2de2-4e44-bf82-44cf4a988bca,S,146,4,"Topology, Calculus and Approximation-Vilmos Komornik_146_solution_part_4.png"
"Topology, Calculus and Approximation-Vilmos Komornik_147_problem.png",FALSE,TRUE,,,,bb7b1fa0-89d3-499f-9683-e9f1565f5ef9,P,147,0,"Topology, Calculus and Approximation-Vilmos Komornik_147_problem.png"
"Topology, Calculus and Approximation-Vilmos Komornik_147_solution_part_1.png",FALSE,TRUE,,,,ff3b9c8f-d967-45b1-9670-5d4ee27a42e9,S,147,1,"Topology, Calculus and Approximation-Vilmos Komornik_147_solution_part_1.png"
"Topology, Calculus and Approximation-Vilmos Komornik_147_solution_part_2.png",FALSE,TRUE,,,,4516a651-215c-4bfa-ba61-01cc933dfa8a,S,147,2,"Topology, Calculus and Approximation-Vilmos Komornik_147_solution_part_2.png"
"Topology, Calculus and Approximation-Vilmos Komornik_147_solution_part_3.png",FALSE,TRUE,,,,bdcbb1ea-ec9b-4c78-9a13-685f355fae16,S,147,3,"Topology, Calculus and Approximation-Vilmos Komornik_147_solution_part_3.png"
"Topology, Calculus and Approximation-Vilmos Komornik_148_problem.png",FALSE,FALSE,,,,7cef19ee-b18c-4f33-892a-c8fca6f9ec3f,P,148,0,"Topology, Calculus and Approximation-Vilmos Komornik_148_problem.png"
"Topology, Calculus and Approximation-Vilmos Komornik_148_solution_part_1.png",FALSE,FALSE,,,,1f4f1df9-3be8-436d-b899-7a00dc3f6db8,S,148,1,"Topology, Calculus and Approximation-Vilmos Komornik_148_solution_part_1.png"
"Topology, Calculus and Approximation-Vilmos Komornik_148_solution_part_2.png",FALSE,FALSE,,,,83f1b90a-cc93-4b84-8cdd-2d0adbeb8a41,S,148,2,"Topology, Calculus and Approximation-Vilmos Komornik_148_solution_part_2.png"
"Topology, Calculus and Approximation-Vilmos Komornik_149_problem.png",FALSE,FALSE,,,,563e00e7-380b-4fa7-870e-080ee8a53fd8,P,149,0,"Topology, Calculus and Approximation-Vilmos Komornik_149_problem.png"
"Topology, Calculus and Approximation-Vilmos Komornik_149_solution_part_1.png",FALSE,FALSE,,,,132518ec-983a-42e9-b956-9c6fdd3114a2,S,149,1,"Topology, Calculus and Approximation-Vilmos Komornik_149_solution_part_1.png"
"Topology, Calculus and Approximation-Vilmos Komornik_149_solution_part_2.png",FALSE,FALSE,,,,5cee5de9-d0b2-4379-8c11-77379f8f11b3,S,149,2,"Topology, Calculus and Approximation-Vilmos Komornik_149_solution_part_2.png"
"Topology, Calculus and Approximation-Vilmos Komornik_150_problem.png",FALSE,FALSE,,,,68a6084b-3efd-4853-bc20-22a74130471a,P,150,0,"Topology, Calculus and Approximation-Vilmos Komornik_150_problem.png"
"Topology, Calculus and Approximation-Vilmos Komornik_150_solution.png",FALSE,FALSE,,,,36229d30-1381-417e-a3f4-1f124f278a73,S,150,0,"Topology, Calculus and Approximation-Vilmos Komornik_150_solution.png"
"Topology, Calculus and Approximation-Vilmos Komornik_151_problem_part_1.png",FALSE,TRUE,,,,14ba5b8c-846a-4977-8566-df1144351500,P,151,1,"Topology, Calculus and Approximation-Vilmos Komornik_151_problem_part_1.png"
"Topology, Calculus and Approximation-Vilmos Komornik_151_problem_part_2.png",FALSE,TRUE,,,,1b9d63bb-f717-4187-8030-8a43d655ac46,P,151,2,"Topology, Calculus and Approximation-Vilmos Komornik_151_problem_part_2.png"
"Topology, Calculus and Approximation-Vilmos Komornik_151_solution.png",FALSE,TRUE,,,,a5f3f8be-7773-4bbb-9149-e06fca7a8bac,S,151,0,"Topology, Calculus and Approximation-Vilmos Komornik_151_solution.png"
"Topology, Calculus and Approximation-Vilmos Komornik_152_problem.png",FALSE,FALSE,,,,a8eb0801-6ed1-4ac3-99e5-b06999d5f80a,P,152,0,"Topology, Calculus and Approximation-Vilmos Komornik_152_problem.png"
"Topology, Calculus and Approximation-Vilmos Komornik_152_solution_part_1.png",FALSE,TRUE,,,,2eea32b2-7423-4c1b-a31e-d7003d5d529a,S,152,1,"Topology, Calculus and Approximation-Vilmos Komornik_152_solution_part_1.png"
"Topology, Calculus and Approximation-Vilmos Komornik_152_solution_part_2.png",FALSE,TRUE,,,,c3dce596-6491-4cba-b32e-f789d2d9b15d,S,152,2,"Topology, Calculus and Approximation-Vilmos Komornik_152_solution_part_2.png"
"Topology, Calculus and Approximation-Vilmos Komornik_153_problem.png",FALSE,TRUE,,,,9ea49950-2334-4a4f-90dc-d16d789f4e81,P,153,0,"Topology, Calculus and Approximation-Vilmos Komornik_153_problem.png"
"Topology, Calculus and Approximation-Vilmos Komornik_153_solution_part_1.png",FALSE,TRUE,,,,a1fc387f-57b9-4184-8a20-d14028896c5a,S,153,1,"Topology, Calculus and Approximation-Vilmos Komornik_153_solution_part_1.png"
"Topology, Calculus and Approximation-Vilmos Komornik_153_solution_part_2.png",FALSE,TRUE,,,,ed28b5e7-0ea5-4f76-ace8-eb7921d3271f,S,153,2,"Topology, Calculus and Approximation-Vilmos Komornik_153_solution_part_2.png"
"Topology, Calculus and Approximation-Vilmos Komornik_153_solution_part_3.png",FALSE,TRUE,,,,ba24446a-10d2-4483-860d-b14fa16a8166,S,153,3,"Topology, Calculus and Approximation-Vilmos Komornik_153_solution_part_3.png"
"Topology, Calculus and Approximation-Vilmos Komornik_153_solution_part_4.png",FALSE,TRUE,,,,03a9811d-4e18-4e20-8628-5dbe0471c717,S,153,4,"Topology, Calculus and Approximation-Vilmos Komornik_153_solution_part_4.png"
"Topology, Calculus and Approximation-Vilmos Komornik_153_solution_part_5.png",FALSE,TRUE,,,,48fd0738-80f5-44d0-8611-9f86277ce69a,S,153,5,"Topology, Calculus and Approximation-Vilmos Komornik_153_solution_part_5.png"
"Topology, Calculus and Approximation-Vilmos Komornik_153_solution_part_6.png",FALSE,TRUE,,,,487a4bc9-5e44-49f2-a698-50911ea2448f,S,153,6,"Topology, Calculus and Approximation-Vilmos Komornik_153_solution_part_6.png"
"Topology, Calculus and Approximation-Vilmos Komornik_154_problem_part_1.png",FALSE,TRUE,,,,8f4092bb-6f43-47d0-bf8f-325329d17b53,P,154,1,"Topology, Calculus and Approximation-Vilmos Komornik_154_problem_part_1.png"
"Topology, Calculus and Approximation-Vilmos Komornik_154_problem_part_2.png",FALSE,TRUE,,,,b7a30016-db62-4406-82d6-dd97b9d3b41f,P,154,2,"Topology, Calculus and Approximation-Vilmos Komornik_154_problem_part_2.png"
"Topology, Calculus and Approximation-Vilmos Komornik_154_solution.png",FALSE,TRUE,,,,6fec80bf-eb2a-405f-a7cf-10ac9470c27a,S,154,0,"Topology, Calculus and Approximation-Vilmos Komornik_154_solution.png"
"Topology, Calculus and Approximation-Vilmos Komornik_155_problem.png",FALSE,TRUE,,,,28803529-0c0c-4fee-aaa1-1c34a23c32b2,P,155,0,"Topology, Calculus and Approximation-Vilmos Komornik_155_problem.png"
"Topology, Calculus and Approximation-Vilmos Komornik_155_solution.png",FALSE,TRUE,,,,f05862af-9ef5-4474-ae50-4a44d521db3c,S,155,0,"Topology, Calculus and Approximation-Vilmos Komornik_155_solution.png"
"Topology, Calculus and Approximation-Vilmos Komornik_156_problem.png",FALSE,TRUE,,,,39d593e2-cc59-4fb4-bbfb-32050c4fc50c,P,156,0,"Topology, Calculus and Approximation-Vilmos Komornik_156_problem.png"
"Topology, Calculus and Approximation-Vilmos Komornik_156_solution_part_1.png",FALSE,TRUE,,,,335e2619-72ad-4dd0-adc2-c59ff753c4d8,S,156,1,"Topology, Calculus and Approximation-Vilmos Komornik_156_solution_part_1.png"
"Topology, Calculus and Approximation-Vilmos Komornik_156_solution_part_2.png",FALSE,TRUE,,,,2f45b25d-ca39-4d6f-897b-cc4c5fa7588e,S,156,2,"Topology, Calculus and Approximation-Vilmos Komornik_156_solution_part_2.png"
"Topology, Calculus and Approximation-Vilmos Komornik_157_problem_part_1.png",FALSE,FALSE,,,,cb4964a1-4ffa-4eb3-b586-83b6e8f4b470,P,157,1,"Topology, Calculus and Approximation-Vilmos Komornik_157_problem_part_1.png"
"Topology, Calculus and Approximation-Vilmos Komornik_157_problem_part_2.png",FALSE,TRUE,,,,724cf0ca-7544-4c6c-b545-d6cc781e9f3a,P,157,2,"Topology, Calculus and Approximation-Vilmos Komornik_157_problem_part_2.png"
"Topology, Calculus and Approximation-Vilmos Komornik_157_problem_part_3.png",FALSE,TRUE,,,,f887a9bc-2dd6-459c-90b5-751d4da32121,P,157,3,"Topology, Calculus and Approximation-Vilmos Komornik_157_problem_part_3.png"
"Topology, Calculus and Approximation-Vilmos Komornik_157_solution_part_1.png",FALSE,TRUE,,,,558aee8d-d020-4c93-872f-bec9727d2e96,S,157,1,"Topology, Calculus and Approximation-Vilmos Komornik_157_solution_part_1.png"
"Topology, Calculus and Approximation-Vilmos Komornik_157_solution_part_2.png",FALSE,TRUE,,,,07862cd9-a4bd-42cc-888a-1fd9bea294d3,S,157,2,"Topology, Calculus and Approximation-Vilmos Komornik_157_solution_part_2.png"
"Topology, Calculus and Approximation-Vilmos Komornik_158_problem.png",FALSE,TRUE,,,,fcadd53e-8738-4edd-bf69-fb334beae542,P,158,0,"Topology, Calculus and Approximation-Vilmos Komornik_158_problem.png"
"Topology, Calculus and Approximation-Vilmos Komornik_158_solution.png",FALSE,TRUE,,,,23422127-c1dc-4465-9846-7e1ca61460a6,S,158,0,"Topology, Calculus and Approximation-Vilmos Komornik_158_solution.png"
"Topology, Calculus and Approximation-Vilmos Komornik_159_problem.png",FALSE,FALSE,,,,1ef4aa99-3fa7-49ef-8073-1a61adf66405,P,159,0,"Topology, Calculus and Approximation-Vilmos Komornik_159_problem.png"
"Topology, Calculus and Approximation-Vilmos Komornik_159_solution.png",FALSE,FALSE,,,,62449b1b-6e26-4a14-b2ea-057c71eb1082,S,159,0,"Topology, Calculus and Approximation-Vilmos Komornik_159_solution.png"
"Topology, Calculus and Approximation-Vilmos Komornik_160_problem.png",FALSE,TRUE,,,,eeff14ec-7fe7-49f1-9f6a-cc94c52e9da0,P,160,0,"Topology, Calculus and Approximation-Vilmos Komornik_160_problem.png"
"Topology, Calculus and Approximation-Vilmos Komornik_160_solution.png",FALSE,TRUE,,,,fc4ddad0-c709-42bd-9d00-906713cc10ee,S,160,0,"Topology, Calculus and Approximation-Vilmos Komornik_160_solution.png"
"Topology, Calculus and Approximation-Vilmos Komornik_161_problem.png",FALSE,TRUE,,,,519927dc-9710-45ad-ac9f-b3424829e8cb,P,161,0,"Topology, Calculus and Approximation-Vilmos Komornik_161_problem.png"
"Topology, Calculus and Approximation-Vilmos Komornik_161_solution.png",FALSE,TRUE,,,,9722ff6a-e85f-4b25-b324-fc1fa772d870,S,161,0,"Topology, Calculus and Approximation-Vilmos Komornik_161_solution.png"
"Topology, Calculus and Approximation-Vilmos Komornik_162_problem_part_1.png",FALSE,TRUE,,,,9ae6537f-9113-4d57-9a98-0492b9c30bc2,P,162,1,"Topology, Calculus and Approximation-Vilmos Komornik_162_problem_part_1.png"
"Topology, Calculus and Approximation-Vilmos Komornik_162_problem_part_2.png",FALSE,TRUE,,,,a4ee6c13-b340-4024-8039-8c64ed251e2c,P,162,2,"Topology, Calculus and Approximation-Vilmos Komornik_162_problem_part_2.png"
"Topology, Calculus and Approximation-Vilmos Komornik_162_solution_part_1.png",FALSE,TRUE,,,,d0a4179a-ba3a-48f5-9227-bd07216d6f34,S,162,1,"Topology, Calculus and Approximation-Vilmos Komornik_162_solution_part_1.png"
"Topology, Calculus and Approximation-Vilmos Komornik_162_solution_part_2.png",FALSE,TRUE,,,,acf33e9a-d72e-4501-80bb-3334fc4ed3f1,S,162,2,"Topology, Calculus and Approximation-Vilmos Komornik_162_solution_part_2.png"
"Topology, Calculus and Approximation-Vilmos Komornik_163_problem_part_1.png",FALSE,FALSE,,,,a479c8fb-70a7-449e-8929-2f36b5066ff9,P,163,1,"Topology, Calculus and Approximation-Vilmos Komornik_163_problem_part_1.png"
"Topology, Calculus and Approximation-Vilmos Komornik_163_problem_part_2.png",FALSE,FALSE,,,,24ae1589-a17e-4029-b1fa-3b72be2a66a2,P,163,2,"Topology, Calculus and Approximation-Vilmos Komornik_163_problem_part_2.png"
"Topology, Calculus and Approximation-Vilmos Komornik_163_solution_part_1.png",FALSE,FALSE,,,,e14e48e5-cd2a-4736-9bcd-310a69d8616c,S,163,1,"Topology, Calculus and Approximation-Vilmos Komornik_163_solution_part_1.png"
"Topology, Calculus and Approximation-Vilmos Komornik_163_solution_part_2.png",FALSE,FALSE,,,,dba7f670-c61e-4e0d-aba5-256cca372b8e,S,163,2,"Topology, Calculus and Approximation-Vilmos Komornik_163_solution_part_2.png"
"Topology, Calculus and Approximation-Vilmos Komornik_164_problem.png",FALSE,FALSE,,,,21dca09a-4eed-4026-a38e-eee8f7c19091,P,164,0,"Topology, Calculus and Approximation-Vilmos Komornik_164_problem.png"
"Topology, Calculus and Approximation-Vilmos Komornik_164_solution.png",FALSE,FALSE,,,,82e88cee-2079-4de2-9568-b9506539be3e,S,164,0,"Topology, Calculus and Approximation-Vilmos Komornik_164_solution.png"
"Topology, Calculus and Approximation-Vilmos Komornik_165_problem.png",FALSE,FALSE,,,,18b7e4d5-1010-4657-94e6-cd35f858e94d,P,165,0,"Topology, Calculus and Approximation-Vilmos Komornik_165_problem.png"
"Topology, Calculus and Approximation-Vilmos Komornik_165_solution.png",FALSE,FALSE,,,,d7af4f89-d3b9-4376-9a8a-8467c2051208,S,165,0,"Topology, Calculus and Approximation-Vilmos Komornik_165_solution.png"
"Topology, Calculus and Approximation-Vilmos Komornik_166_problem_part_1.png",FALSE,TRUE,,,,1e596925-a6ae-4af3-b75b-518ec8e5a02e,P,166,1,"Topology, Calculus and Approximation-Vilmos Komornik_166_problem_part_1.png"
"Topology, Calculus and Approximation-Vilmos Komornik_166_problem_part_2.png",FALSE,TRUE,,,,ee6960a9-e04e-4f47-b394-e20234266a10,P,166,2,"Topology, Calculus and Approximation-Vilmos Komornik_166_problem_part_2.png"
"Topology, Calculus and Approximation-Vilmos Komornik_166_solution.png",FALSE,TRUE,,,,2e4a7410-27ba-4e7e-aaa8-2f0f9bb0c4cf,S,166,0,"Topology, Calculus and Approximation-Vilmos Komornik_166_solution.png"
"Topology, Calculus and Approximation-Vilmos Komornik_167_problem.png",FALSE,FALSE,,,,eb206cd3-8254-409e-aafa-e352ed54ee55,P,167,0,"Topology, Calculus and Approximation-Vilmos Komornik_167_problem.png"
"Topology, Calculus and Approximation-Vilmos Komornik_167_solution.png",FALSE,FALSE,,,,11bc21a0-1ee2-47fe-b412-3cd07f63063f,S,167,0,"Topology, Calculus and Approximation-Vilmos Komornik_167_solution.png"
"Topology, Calculus and Approximation-Vilmos Komornik_168_problem.png",FALSE,TRUE,,,,855c0dda-9016-4e57-9760-fe9284fcb34e,P,168,0,"Topology, Calculus and Approximation-Vilmos Komornik_168_problem.png"
"Topology, Calculus and Approximation-Vilmos Komornik_168_solution.png",FALSE,TRUE,,,,ab878d80-a3da-4a04-a7c3-fc70a12311fb,S,168,0,"Topology, Calculus and Approximation-Vilmos Komornik_168_solution.png"
"Topology, Calculus and Approximation-Vilmos Komornik_169_problem.png",FALSE,TRUE,,,,b3353a8f-151a-4aaf-a7f1-67e933d324ce,P,169,0,"Topology, Calculus and Approximation-Vilmos Komornik_169_problem.png"
"Topology, Calculus and Approximation-Vilmos Komornik_169_solution.png",FALSE,TRUE,,,,b30c490b-4a45-41ca-be29-f30192078ea4,S,169,0,"Topology, Calculus and Approximation-Vilmos Komornik_169_solution.png"
"Topology, Calculus and Approximation-Vilmos Komornik_170_problem.png",FALSE,TRUE,,,,e4141ae5-3c63-443f-be6a-a50d84ccb59e,P,170,0,"Topology, Calculus and Approximation-Vilmos Komornik_170_problem.png"
"Topology, Calculus and Approximation-Vilmos Komornik_170_solution_part_1.png",FALSE,TRUE,,,,31733962-b464-4bb7-8544-0bf3a8a5b095,S,170,1,"Topology, Calculus and Approximation-Vilmos Komornik_170_solution_part_1.png"
"Topology, Calculus and Approximation-Vilmos Komornik_170_solution_part_2.png",FALSE,TRUE,,,,e194f14c-aaac-4042-a35b-53165ee04bf9,S,170,2,"Topology, Calculus and Approximation-Vilmos Komornik_170_solution_part_2.png"
"Topology, Calculus and Approximation-Vilmos Komornik_170_solution_part_3.png",FALSE,TRUE,,,,98570fa6-1a33-491c-90dc-09dd36ac1b01,S,170,3,"Topology, Calculus and Approximation-Vilmos Komornik_170_solution_part_3.png"
"Topology, Calculus and Approximation-Vilmos Komornik_171_problem.png",FALSE,TRUE,,,,79afeec8-b9a4-46d6-ad4d-32b47b060f4e,P,171,0,"Topology, Calculus and Approximation-Vilmos Komornik_171_problem.png"
"Topology, Calculus and Approximation-Vilmos Komornik_171_solution_part_1.png",FALSE,TRUE,,,,b02ba38f-f8f9-4854-87b9-7c6be2eed7e8,S,171,1,"Topology, Calculus and Approximation-Vilmos Komornik_171_solution_part_1.png"
"Topology, Calculus and Approximation-Vilmos Komornik_171_solution_part_2.png",FALSE,TRUE,,,,8e793483-3cd9-4918-b9ce-cd08c9ffed06,S,171,2,"Topology, Calculus and Approximation-Vilmos Komornik_171_solution_part_2.png"
"Topology, Calculus and Approximation-Vilmos Komornik_172_problem.png",FALSE,TRUE,,,,e601f434-5812-46ef-b751-4cde38f36770,P,172,0,"Topology, Calculus and Approximation-Vilmos Komornik_172_problem.png"
"Topology, Calculus and Approximation-Vilmos Komornik_172_solution.png",FALSE,TRUE,,,,04942769-66d5-4e5f-81e7-efe554bcc321,S,172,0,"Topology, Calculus and Approximation-Vilmos Komornik_172_solution.png"
"Topology, Calculus and Approximation-Vilmos Komornik_173_problem_part_1.png",FALSE,TRUE,,,,4d82c77f-8f3e-4164-9ac6-704454154b0f,P,173,1,"Topology, Calculus and Approximation-Vilmos Komornik_173_problem_part_1.png"
"Topology, Calculus and Approximation-Vilmos Komornik_173_problem_part_2.png",FALSE,TRUE,,,,788252f4-d4ca-4e80-b4fc-b9e8cf547a68,P,173,2,"Topology, Calculus and Approximation-Vilmos Komornik_173_problem_part_2.png"
"Topology, Calculus and Approximation-Vilmos Komornik_173_solution_part_1.png",FALSE,TRUE,,,,5f361a2c-c996-451e-a4ef-7dba9e661f8e,S,173,1,"Topology, Calculus and Approximation-Vilmos Komornik_173_solution_part_1.png"
"Topology, Calculus and Approximation-Vilmos Komornik_173_solution_part_2.png",FALSE,TRUE,,,,1d83a82c-b290-41a1-80a2-5b538e65e9ad,S,173,2,"Topology, Calculus and Approximation-Vilmos Komornik_173_solution_part_2.png"
"Topology, Calculus and Approximation-Vilmos Komornik_174_problem.png",FALSE,TRUE,,,,1deea504-2ae4-4ddd-98f1-18db2b420bae,P,174,0,"Topology, Calculus and Approximation-Vilmos Komornik_174_problem.png"
"Topology, Calculus and Approximation-Vilmos Komornik_174_solution_part_1.png",FALSE,TRUE,,,,8b33f0a9-3cbb-47cb-8d6b-6b95b478c617,S,174,1,"Topology, Calculus and Approximation-Vilmos Komornik_174_solution_part_1.png"
"Topology, Calculus and Approximation-Vilmos Komornik_174_solution_part_2.png",FALSE,TRUE,,,,48923949-7f29-444b-9716-11e1657846b1,S,174,2,"Topology, Calculus and Approximation-Vilmos Komornik_174_solution_part_2.png"
"Topology, Calculus and Approximation-Vilmos Komornik_175_problem.png",FALSE,TRUE,,,,bb2c2b81-58a2-49b2-a294-9616eadef327,P,175,0,"Topology, Calculus and Approximation-Vilmos Komornik_175_problem.png"
"Topology, Calculus and Approximation-Vilmos Komornik_175_solution_part_1.png",FALSE,TRUE,,,,fc359150-9f1c-4d1b-8c8f-1dde3e764d5b,S,175,1,"Topology, Calculus and Approximation-Vilmos Komornik_175_solution_part_1.png"
"Topology, Calculus and Approximation-Vilmos Komornik_175_solution_part_2.png",FALSE,TRUE,,,,f941e63f-d8f8-4f62-9f59-996bf93af88f,S,175,2,"Topology, Calculus and Approximation-Vilmos Komornik_175_solution_part_2.png"
"Topology, Calculus and Approximation-Vilmos Komornik_175_solution_part_3.png",FALSE,TRUE,,,,c899d7a4-d780-43b6-aaf7-c5cbbd9c8848,S,175,3,"Topology, Calculus and Approximation-Vilmos Komornik_175_solution_part_3.png"
"Topology, Calculus and Approximation-Vilmos Komornik_176_problem.png",FALSE,TRUE,,,,2b017044-b56a-4b67-bdd6-1693809bcec5,P,176,0,"Topology, Calculus and Approximation-Vilmos Komornik_176_problem.png"
"Topology, Calculus and Approximation-Vilmos Komornik_176_solution_part_1.png",FALSE,TRUE,,,,c80f6aea-4519-43f8-9025-c115778c807d,S,176,1,"Topology, Calculus and Approximation-Vilmos Komornik_176_solution_part_1.png"
"Topology, Calculus and Approximation-Vilmos Komornik_176_solution_part_2.png",FALSE,TRUE,,,,b1182073-85fe-4a62-a6b6-66765ac4ac4b,S,176,2,"Topology, Calculus and Approximation-Vilmos Komornik_176_solution_part_2.png"
"Topology, Calculus and Approximation-Vilmos Komornik_176_solution_part_3.png",FALSE,TRUE,,,,1e03f1ce-7eba-4f40-8487-e2c2519e61ce,S,176,3,"Topology, Calculus and Approximation-Vilmos Komornik_176_solution_part_3.png"
"Topology, Calculus and Approximation-Vilmos Komornik_177_problem.png",FALSE,TRUE,,,,554aebf2-ad03-4e0a-8dd3-06a284cfbcbb,P,177,0,"Topology, Calculus and Approximation-Vilmos Komornik_177_problem.png"
"Topology, Calculus and Approximation-Vilmos Komornik_177_solution_part_1.png",FALSE,TRUE,,,,002cc25a-0da1-43e5-8480-0967c825b723,S,177,1,"Topology, Calculus and Approximation-Vilmos Komornik_177_solution_part_1.png"
"Topology, Calculus and Approximation-Vilmos Komornik_177_solution_part_2.png",FALSE,TRUE,,,,9600eab6-585b-424d-872b-34605607d262,S,177,2,"Topology, Calculus and Approximation-Vilmos Komornik_177_solution_part_2.png"
"Topology, Calculus and Approximation-Vilmos Komornik_178_problem.png",FALSE,TRUE,,,,f46fa120-81dd-4758-b6e9-3ef43fa8a998,P,178,0,"Topology, Calculus and Approximation-Vilmos Komornik_178_problem.png"
"Topology, Calculus and Approximation-Vilmos Komornik_178_solution.png",FALSE,TRUE,,,,7b1cf884-2473-4d2f-9031-838cc81092ee,S,178,0,"Topology, Calculus and Approximation-Vilmos Komornik_178_solution.png"
"Topology, Calculus and Approximation-Vilmos Komornik_179_problem.png",FALSE,TRUE,,,,7040d5de-ea1b-4478-86be-1afce6d82499,P,179,0,"Topology, Calculus and Approximation-Vilmos Komornik_179_problem.png"
"Topology, Calculus and Approximation-Vilmos Komornik_179_solution_part_1.png",FALSE,TRUE,,,,3b4a8dd6-59f9-452e-86b2-eaa691fb2c01,S,179,1,"Topology, Calculus and Approximation-Vilmos Komornik_179_solution_part_1.png"
"Topology, Calculus and Approximation-Vilmos Komornik_179_solution_part_2.png",FALSE,TRUE,,,,bd1c73be-542b-491f-8a7a-700cd4d8ce55,S,179,2,"Topology, Calculus and Approximation-Vilmos Komornik_179_solution_part_2.png"
"Topology, Calculus and Approximation-Vilmos Komornik_180_problem.png",FALSE,FALSE,,,,bb25ddfb-7ec7-4a63-b475-575ba7ff076d,P,180,0,"Topology, Calculus and Approximation-Vilmos Komornik_180_problem.png"
"Topology, Calculus and Approximation-Vilmos Komornik_180_solution.png",FALSE,FALSE,,,,e2c0d10e-2ea3-49e1-ba67-7cf4da866da3,S,180,0,"Topology, Calculus and Approximation-Vilmos Komornik_180_solution.png"
"Topology, Calculus and Approximation-Vilmos Komornik_181_problem.png",FALSE,FALSE,,,,b3154f36-916d-49f9-9da1-1cb41f363bc0,P,181,0,"Topology, Calculus and Approximation-Vilmos Komornik_181_problem.png"
"Topology, Calculus and Approximation-Vilmos Komornik_181_solution_part_1.png",FALSE,FALSE,,,,46b18172-261e-4cc9-8731-6ad8229dbe5b,S,181,1,"Topology, Calculus and Approximation-Vilmos Komornik_181_solution_part_1.png"
"Topology, Calculus and Approximation-Vilmos Komornik_181_solution_part_2.png",FALSE,FALSE,,,,5a84e760-d8fb-4230-b492-b99a33e1853e,S,181,2,"Topology, Calculus and Approximation-Vilmos Komornik_181_solution_part_2.png"
"Topology, Calculus and Approximation-Vilmos Komornik_182_problem.png",FALSE,TRUE,,,,9f892dd9-31d9-42c3-9f4f-6602104ab666,P,182,0,"Topology, Calculus and Approximation-Vilmos Komornik_182_problem.png"
"Topology, Calculus and Approximation-Vilmos Komornik_182_solution.png",FALSE,TRUE,,,,da47622a-66c9-4f11-baa5-50082ac6f225,S,182,0,"Topology, Calculus and Approximation-Vilmos Komornik_182_solution.png"
"Topology, Calculus and Approximation-Vilmos Komornik_183_problem.png",FALSE,TRUE,,,,020a4156-f3ab-41fc-8320-c7eaea800023,P,183,0,"Topology, Calculus and Approximation-Vilmos Komornik_183_problem.png"
"Topology, Calculus and Approximation-Vilmos Komornik_183_solution.png",FALSE,TRUE,,,,af01065f-fbc4-4fed-be17-d9f27ab64221,S,183,0,"Topology, Calculus and Approximation-Vilmos Komornik_183_solution.png"
"Topology, Calculus and Approximation-Vilmos Komornik_184_problem.png",FALSE,TRUE,,,,1111b8e9-4ab5-49ee-a3a3-21a508d9c8d1,P,184,0,"Topology, Calculus and Approximation-Vilmos Komornik_184_problem.png"
"Topology, Calculus and Approximation-Vilmos Komornik_184_solution_part_1.png",FALSE,TRUE,,,,8e07fbf8-9912-4095-95d4-0ce4596fc11e,S,184,1,"Topology, Calculus and Approximation-Vilmos Komornik_184_solution_part_1.png"
"Topology, Calculus and Approximation-Vilmos Komornik_184_solution_part_2.png",FALSE,TRUE,,,,9931af3b-d9a1-4a5e-923f-513aaa6be57a,S,184,2,"Topology, Calculus and Approximation-Vilmos Komornik_184_solution_part_2.png"
"Topology, Calculus and Approximation-Vilmos Komornik_185_problem.png",FALSE,FALSE,,,,d2504ad7-a32c-4f88-a04c-afcaff77bb4e,P,185,0,"Topology, Calculus and Approximation-Vilmos Komornik_185_problem.png"
"Topology, Calculus and Approximation-Vilmos Komornik_185_solution.png",FALSE,FALSE,,,,c61fc3b7-de96-47e5-b328-c61cd51575b5,S,185,0,"Topology, Calculus and Approximation-Vilmos Komornik_185_solution.png"
"Topology, Calculus and Approximation-Vilmos Komornik_186_problem_part_1.png",FALSE,TRUE,,,,accafc0d-b117-44ac-9919-089c08995158,P,186,1,"Topology, Calculus and Approximation-Vilmos Komornik_186_problem_part_1.png"
"Topology, Calculus and Approximation-Vilmos Komornik_186_problem_part_2.png",FALSE,TRUE,,,,b8eff0f9-bf08-43f4-bbc1-4f421ec07fc4,P,186,2,"Topology, Calculus and Approximation-Vilmos Komornik_186_problem_part_2.png"
"Topology, Calculus and Approximation-Vilmos Komornik_186_solution.png",FALSE,TRUE,,,,c41fce55-d88e-49c8-9fef-c64e48f5822a,S,186,0,"Topology, Calculus and Approximation-Vilmos Komornik_186_solution.png"
"Topology, Calculus and Approximation-Vilmos Komornik_187_problem.png",FALSE,TRUE,,,,d5bf3a3f-e349-4632-ade3-49a4b90e7283,P,187,0,"Topology, Calculus and Approximation-Vilmos Komornik_187_problem.png"
"Topology, Calculus and Approximation-Vilmos Komornik_187_solution.png",FALSE,TRUE,,,,3b50552a-3dfc-444a-aadf-c4ba1dfc0bb0,S,187,0,"Topology, Calculus and Approximation-Vilmos Komornik_187_solution.png"
"Topology, Calculus and Approximation-Vilmos Komornik_188_problem.png",FALSE,TRUE,,,,eb72e272-8f04-418a-9a3a-bbad28033559,P,188,0,"Topology, Calculus and Approximation-Vilmos Komornik_188_problem.png"
"Topology, Calculus and Approximation-Vilmos Komornik_188_solution_part_1.png",FALSE,TRUE,,,,437d1351-b4b0-404c-942c-d44cc5b678c3,S,188,1,"Topology, Calculus and Approximation-Vilmos Komornik_188_solution_part_1.png"
"Topology, Calculus and Approximation-Vilmos Komornik_188_solution_part_2.png",FALSE,TRUE,,,,efb44a80-8670-4263-a936-414b72802957,S,188,2,"Topology, Calculus and Approximation-Vilmos Komornik_188_solution_part_2.png"
"Topology, Calculus and Approximation-Vilmos Komornik_188_solution_part_3.png",FALSE,TRUE,,,,733157e0-44d4-4d23-ace6-574aa6d822f0,S,188,3,"Topology, Calculus and Approximation-Vilmos Komornik_188_solution_part_3.png"
"Topology, Calculus and Approximation-Vilmos Komornik_189_problem.png",FALSE,TRUE,,,,1aa42399-f8a2-45b7-b323-9815148e7c28,P,189,0,"Topology, Calculus and Approximation-Vilmos Komornik_189_problem.png"
"Topology, Calculus and Approximation-Vilmos Komornik_189_solution_part_1.png",FALSE,TRUE,,,,8cefc3fb-2e57-4ec4-af7b-5907a4275376,S,189,1,"Topology, Calculus and Approximation-Vilmos Komornik_189_solution_part_1.png"
"Topology, Calculus and Approximation-Vilmos Komornik_189_solution_part_2.png",FALSE,TRUE,,,,527b8223-2ec2-4a21-83ae-d809f2dd5b57,S,189,2,"Topology, Calculus and Approximation-Vilmos Komornik_189_solution_part_2.png"
"Topology, Calculus and Approximation-Vilmos Komornik_190_problem.png",FALSE,TRUE,,,,92d3d344-b663-4c3e-8af4-e0e1fab76847,P,190,0,"Topology, Calculus and Approximation-Vilmos Komornik_190_problem.png"
"Topology, Calculus and Approximation-Vilmos Komornik_190_solution_part_1.png",FALSE,TRUE,,,,e15b9ea0-41b3-42fe-9cbf-b920de3a3756,S,190,1,"Topology, Calculus and Approximation-Vilmos Komornik_190_solution_part_1.png"
"Topology, Calculus and Approximation-Vilmos Komornik_190_solution_part_2.png",FALSE,TRUE,,,,00093ec3-a77a-4e91-8958-68522e5ce496,S,190,2,"Topology, Calculus and Approximation-Vilmos Komornik_190_solution_part_2.png"
"Topology, Calculus and Approximation-Vilmos Komornik_190_solution_part_3.png",FALSE,TRUE,,,,2fd84594-e305-403b-8a49-e863c14109f4,S,190,3,"Topology, Calculus and Approximation-Vilmos Komornik_190_solution_part_3.png"
"Topology, Calculus and Approximation-Vilmos Komornik_191_problem.png",FALSE,TRUE,,,,52cb2c79-915d-4afa-b74d-df5ebe6c8046,P,191,0,"Topology, Calculus and Approximation-Vilmos Komornik_191_problem.png"
"Topology, Calculus and Approximation-Vilmos Komornik_191_solution.png",FALSE,TRUE,,,,cd748cae-3160-4818-928f-7c7e732133c9,S,191,0,"Topology, Calculus and Approximation-Vilmos Komornik_191_solution.png"
"Topology, Calculus and Approximation-Vilmos Komornik_192_problem.png",FALSE,TRUE,,,,a46c75e9-5ca0-4512-91b9-96114ef4105f,P,192,0,"Topology, Calculus and Approximation-Vilmos Komornik_192_problem.png"
"Topology, Calculus and Approximation-Vilmos Komornik_192_solution_part_1.png",FALSE,TRUE,,,,621de4b6-e452-40da-9022-21d1ef031c44,S,192,1,"Topology, Calculus and Approximation-Vilmos Komornik_192_solution_part_1.png"
"Topology, Calculus and Approximation-Vilmos Komornik_192_solution_part_2.png",FALSE,TRUE,,,,eac91440-d119-4bec-b51b-36dfa0b026d3,S,192,2,"Topology, Calculus and Approximation-Vilmos Komornik_192_solution_part_2.png"
"Topology, Calculus and Approximation-Vilmos Komornik_192_solution_part_3.png",FALSE,TRUE,,,,af10dc65-75c9-403d-b72f-1e5134c6e519,S,192,3,"Topology, Calculus and Approximation-Vilmos Komornik_192_solution_part_3.png"
"Topology, Calculus and Approximation-Vilmos Komornik_192_solution_part_4.png",FALSE,TRUE,,,,e12972b2-c430-4e59-9e00-f4d9cf3f503a,S,192,4,"Topology, Calculus and Approximation-Vilmos Komornik_192_solution_part_4.png"
"Topology, Calculus and Approximation-Vilmos Komornik_193_problem.png",FALSE,TRUE,,,,d5f617c9-570e-435e-ac62-8d14e75f9ce9,P,193,0,"Topology, Calculus and Approximation-Vilmos Komornik_193_problem.png"
"Topology, Calculus and Approximation-Vilmos Komornik_193_solution.png",FALSE,TRUE,,,,cd5556ed-f6f8-46d6-8492-2d3d7c229fed,S,193,0,"Topology, Calculus and Approximation-Vilmos Komornik_193_solution.png"
"Topology, Calculus and Approximation-Vilmos Komornik_194_problem.png",FALSE,TRUE,,,,e5caa46a-86af-439f-8934-109d763991a6,P,194,0,"Topology, Calculus and Approximation-Vilmos Komornik_194_problem.png"
"Topology, Calculus and Approximation-Vilmos Komornik_194_solution_part_1.png",FALSE,TRUE,,,,45c5ef66-d422-4669-a85d-c32773efd93f,S,194,1,"Topology, Calculus and Approximation-Vilmos Komornik_194_solution_part_1.png"
"Topology, Calculus and Approximation-Vilmos Komornik_194_solution_part_2.png",FALSE,TRUE,,,,6dc5d792-c172-4750-9974-0e80edc1875a,S,194,2,"Topology, Calculus and Approximation-Vilmos Komornik_194_solution_part_2.png"
"Topology, Calculus and Approximation-Vilmos Komornik_194_solution_part_3.png",FALSE,TRUE,,,,21e3cf27-5e37-4f30-a1c5-f9a785d8cf8a,S,194,3,"Topology, Calculus and Approximation-Vilmos Komornik_194_solution_part_3.png"
"Topology, Calculus and Approximation-Vilmos Komornik_194_solution_part_4.png",FALSE,TRUE,,,,3019a1bc-8180-40d5-ba4c-d8250cf28531,S,194,4,"Topology, Calculus and Approximation-Vilmos Komornik_194_solution_part_4.png"
"Topology, Calculus and Approximation-Vilmos Komornik_194_solution_part_5.png",FALSE,TRUE,,,,cf029337-d40b-4b41-a431-7604cbe4976f,S,194,5,"Topology, Calculus and Approximation-Vilmos Komornik_194_solution_part_5.png"
"Topology, Calculus and Approximation-Vilmos Komornik_195_problem_part_1.png",FALSE,TRUE,,,,061606a8-88ef-48c6-bf1a-2cfaadcb06d1,P,195,1,"Topology, Calculus and Approximation-Vilmos Komornik_195_problem_part_1.png"
"Topology, Calculus and Approximation-Vilmos Komornik_195_problem_part_2.png",FALSE,TRUE,,,,4e2c25ee-7f36-4628-81e5-6c1987c6ec08,P,195,2,"Topology, Calculus and Approximation-Vilmos Komornik_195_problem_part_2.png"
"Topology, Calculus and Approximation-Vilmos Komornik_195_solution_part_1.png",FALSE,TRUE,,,,11642f3f-4212-4d8f-a49b-ca103932288f,S,195,1,"Topology, Calculus and Approximation-Vilmos Komornik_195_solution_part_1.png"
"Topology, Calculus and Approximation-Vilmos Komornik_195_solution_part_2.png",FALSE,TRUE,,,,086acb67-d238-40fb-90b8-eaee61ba65bf,S,195,2,"Topology, Calculus and Approximation-Vilmos Komornik_195_solution_part_2.png"
"Topology, Calculus and Approximation-Vilmos Komornik_196_problem.png",FALSE,TRUE,,,,a7699988-698b-44c6-99f0-c3b5e8060fca,P,196,0,"Topology, Calculus and Approximation-Vilmos Komornik_196_problem.png"
"Topology, Calculus and Approximation-Vilmos Komornik_196_solution.png",FALSE,TRUE,,,,964ac5d6-64e6-431e-9103-0f2c4414ae64,S,196,0,"Topology, Calculus and Approximation-Vilmos Komornik_196_solution.png"
"Topology, Calculus and Approximation-Vilmos Komornik_197_problem_part_1.png",FALSE,TRUE,,,,e5f8f6d7-eba7-4d14-ba3a-34762764f8cf,P,197,1,"Topology, Calculus and Approximation-Vilmos Komornik_197_problem_part_1.png"
"Topology, Calculus and Approximation-Vilmos Komornik_197_problem_part_2.png",FALSE,TRUE,,,,4ed161a7-9cd4-4f15-9e94-fe4aa6ada442,P,197,2,"Topology, Calculus and Approximation-Vilmos Komornik_197_problem_part_2.png"
"Topology, Calculus and Approximation-Vilmos Komornik_197_solution_part_1.png",FALSE,TRUE,,,,f2ec7761-7b5e-46d1-8df2-19c3296200b6,S,197,1,"Topology, Calculus and Approximation-Vilmos Komornik_197_solution_part_1.png"
"Topology, Calculus and Approximation-Vilmos Komornik_197_solution_part_2.png",FALSE,TRUE,,,,d9153afb-dc6a-4432-98c7-a4796c92a504,S,197,2,"Topology, Calculus and Approximation-Vilmos Komornik_197_solution_part_2.png"
"Topology, Calculus and Approximation-Vilmos Komornik_198_problem_part_1.png",FALSE,TRUE,,,,244873d0-e481-40cb-ba5e-7d8b5e9fe232,P,198,1,"Topology, Calculus and Approximation-Vilmos Komornik_198_problem_part_1.png"
"Topology, Calculus and Approximation-Vilmos Komornik_198_problem_part_2.png",FALSE,TRUE,,,,6460e8a0-e691-4fd5-bb1f-d94f6ed7f47e,P,198,2,"Topology, Calculus and Approximation-Vilmos Komornik_198_problem_part_2.png"
"Topology, Calculus and Approximation-Vilmos Komornik_198_solution_part_1.png",FALSE,TRUE,,,,f6c734e3-7882-470e-953c-155f1907de5b,S,198,1,"Topology, Calculus and Approximation-Vilmos Komornik_198_solution_part_1.png"
"Topology, Calculus and Approximation-Vilmos Komornik_198_solution_part_2.png",FALSE,TRUE,,,,6bf0160e-48fa-41be-b1e6-bdb46f1486f0,S,198,2,"Topology, Calculus and Approximation-Vilmos Komornik_198_solution_part_2.png"
"Topology, Calculus and Approximation-Vilmos Komornik_199_problem.png",FALSE,FALSE,,,,d1c65749-f8a0-4219-b21c-e2a762d33ab6,P,199,0,"Topology, Calculus and Approximation-Vilmos Komornik_199_problem.png"
"Topology, Calculus and Approximation-Vilmos Komornik_199_solution.png",FALSE,FALSE,,,,7b76ad77-c284-4fe4-b82f-60723bf4893d,S,199,0,"Topology, Calculus and Approximation-Vilmos Komornik_199_solution.png"
"Topology, Calculus and Approximation-Vilmos Komornik_200_problem_part_1.png",TRUE,TRUE,,,,c1a63772-5a27-4d90-a8d7-5955a37c11ee,P,200,1,"Topology, Calculus and Approximation-Vilmos Komornik_200_problem_part_1.png"
"Topology, Calculus and Approximation-Vilmos Komornik_200_problem_part_2.png",TRUE,TRUE,,,,8976af0b-a480-4be8-83da-8656461303cc,P,200,2,"Topology, Calculus and Approximation-Vilmos Komornik_200_problem_part_2.png"
"Topology, Calculus and Approximation-Vilmos Komornik_200_solution.png",TRUE,TRUE,,,,0d185251-698a-4660-b315-1fc85f2fcb0b,S,200,0,"Topology, Calculus and Approximation-Vilmos Komornik_200_solution.png"
"Topology, Calculus and Approximation-Vilmos Komornik_201_problem.png",FALSE,FALSE,,,,6dc9a8e1-42b4-4bc3-82fd-040686d867d9,P,201,0,"Topology, Calculus and Approximation-Vilmos Komornik_201_problem.png"
"Topology, Calculus and Approximation-Vilmos Komornik_201_solution.png",FALSE,FALSE,,,,d6fb9ea7-d023-41b5-9e85-bcedfcdc6dc7,S,201,0,"Topology, Calculus and Approximation-Vilmos Komornik_201_solution.png"
"Topology, Calculus and Approximation-Vilmos Komornik_202_problem.png",FALSE,TRUE,,,,829935aa-bef7-4306-b44b-5e39eca29db7,P,202,0,"Topology, Calculus and Approximation-Vilmos Komornik_202_problem.png"
"Topology, Calculus and Approximation-Vilmos Komornik_202_solution.png",FALSE,TRUE,,,,c6dd2d1e-2b09-4985-b649-19858a76056a,S,202,0,"Topology, Calculus and Approximation-Vilmos Komornik_202_solution.png"
"Topology, Calculus and Approximation-Vilmos Komornik_203_problem.png",FALSE,TRUE,,,,4ef7ab3b-f5d0-400b-8058-0f869d6bd5f0,P,203,0,"Topology, Calculus and Approximation-Vilmos Komornik_203_problem.png"
"Topology, Calculus and Approximation-Vilmos Komornik_203_solution_part_1.png",FALSE,TRUE,,,,5c35c6ba-35f0-4d73-a58d-47f2e316a6ef,S,203,1,"Topology, Calculus and Approximation-Vilmos Komornik_203_solution_part_1.png"
"Topology, Calculus and Approximation-Vilmos Komornik_203_solution_part_2.png",FALSE,TRUE,,,,c0034fb4-a397-47a8-8b66-1458a8450be8,S,203,2,"Topology, Calculus and Approximation-Vilmos Komornik_203_solution_part_2.png"
"Topology, Calculus and Approximation-Vilmos Komornik_204_problem.png",FALSE,TRUE,,,,217c5613-ab2c-4bbd-8e09-4c62177db718,P,204,0,"Topology, Calculus and Approximation-Vilmos Komornik_204_problem.png"
"Topology, Calculus and Approximation-Vilmos Komornik_204_solution_part_1.png",FALSE,TRUE,,,,db97a31d-06c2-434e-9818-33f2eebc2d74,S,204,1,"Topology, Calculus and Approximation-Vilmos Komornik_204_solution_part_1.png"
"Topology, Calculus and Approximation-Vilmos Komornik_204_solution_part_2.png",FALSE,TRUE,,,,04dc2e09-184e-4d13-8e8f-249bdd92ffb3,S,204,2,"Topology, Calculus and Approximation-Vilmos Komornik_204_solution_part_2.png"
"Topology, Calculus and Approximation-Vilmos Komornik_205_problem.png",FALSE,TRUE,,,,6b62d7c7-75eb-40ba-9354-004df6227a32,P,205,0,"Topology, Calculus and Approximation-Vilmos Komornik_205_problem.png"
"Topology, Calculus and Approximation-Vilmos Komornik_205_solution_part_1.png",FALSE,TRUE,,,,1f2dada8-661a-4465-83a8-a79100b2cd3d,S,205,1,"Topology, Calculus and Approximation-Vilmos Komornik_205_solution_part_1.png"
"Topology, Calculus and Approximation-Vilmos Komornik_205_solution_part_2.png",TRUE,TRUE,,,,cd737234-a79c-4de8-aaf3-8281dbcf750b,S,205,2,"Topology, Calculus and Approximation-Vilmos Komornik_205_solution_part_2.png"
"Topology, Calculus and Approximation-Vilmos Komornik_205_solution_part_3.png",TRUE,TRUE,,,,8caf04d7-e592-4290-be6f-e1b9d153d908,S,205,3,"Topology, Calculus and Approximation-Vilmos Komornik_205_solution_part_3.png"
"Topology, Calculus and Approximation-Vilmos Komornik_205_solution_part_4.png",FALSE,TRUE,,,,cab94e94-2b09-47ce-a216-87323f884a2a,S,205,4,"Topology, Calculus and Approximation-Vilmos Komornik_205_solution_part_4.png"
"Topology, Calculus and Approximation-Vilmos Komornik_205_solution_part_5.png",FALSE,TRUE,,,,0bda7178-7a54-4625-a913-39707cfc2e77,S,205,5,"Topology, Calculus and Approximation-Vilmos Komornik_205_solution_part_5.png"
"Topology, Calculus and Approximation-Vilmos Komornik_206_problem.png",FALSE,TRUE,,,,1441def9-e084-4085-9611-a3ce9abda315,P,206,0,"Topology, Calculus and Approximation-Vilmos Komornik_206_problem.png"
"Topology, Calculus and Approximation-Vilmos Komornik_206_solution_part_1.png",TRUE,TRUE,,,,f5a7b18c-dfb8-4f30-bb5d-a844b3a6b58a,S,206,1,"Topology, Calculus and Approximation-Vilmos Komornik_206_solution_part_1.png"
"Topology, Calculus and Approximation-Vilmos Komornik_206_solution_part_2.png",FALSE,TRUE,,,,d0f0807a-d1a5-4461-a57e-694b4aa18a87,S,206,2,"Topology, Calculus and Approximation-Vilmos Komornik_206_solution_part_2.png"
"Topology, Calculus and Approximation-Vilmos Komornik_207_problem.png",FALSE,FALSE,,,,39ebf662-419f-4df5-bee7-9a0c7b257b78,P,207,0,"Topology, Calculus and Approximation-Vilmos Komornik_207_problem.png"
"Topology, Calculus and Approximation-Vilmos Komornik_207_solution.png",FALSE,FALSE,,,,7bb11f6b-44b1-4857-9271-8fae4aa89dad,S,207,0,"Topology, Calculus and Approximation-Vilmos Komornik_207_solution.png"
"Topology, Calculus and Approximation-Vilmos Komornik_208_problem.png",FALSE,FALSE,,,,60551f39-b01b-4c99-aefe-4aba716c0fe5,P,208,0,"Topology, Calculus and Approximation-Vilmos Komornik_208_problem.png"
"Topology, Calculus and Approximation-Vilmos Komornik_208_solution.png",FALSE,FALSE,,,,4be8677c-0a05-4bab-aa93-7bce782796e0,S,208,0,"Topology, Calculus and Approximation-Vilmos Komornik_208_solution.png"
"Topology, Calculus and Approximation-Vilmos Komornik_209_problem.png",FALSE,FALSE,,,,dc139b44-e8a2-4ad7-b87f-aa5700f00907,P,209,0,"Topology, Calculus and Approximation-Vilmos Komornik_209_problem.png"
"Topology, Calculus and Approximation-Vilmos Komornik_209_solution_part_1.png",FALSE,FALSE,,,,001a9ad1-ccaf-4d44-83a1-225de128d405,S,209,1,"Topology, Calculus and Approximation-Vilmos Komornik_209_solution_part_1.png"
"Topology, Calculus and Approximation-Vilmos Komornik_209_solution_part_2.png",FALSE,FALSE,,,,3f206eba-a445-4b68-9032-8610de1ec9dd,S,209,2,"Topology, Calculus and Approximation-Vilmos Komornik_209_solution_part_2.png"
"Topology, Calculus and Approximation-Vilmos Komornik_209_solution_part_3.png",FALSE,FALSE,,,,95945dc5-d8d8-4d58-b9bc-cde56caa4800,S,209,3,"Topology, Calculus and Approximation-Vilmos Komornik_209_solution_part_3.png"
"Topology, Calculus and Approximation-Vilmos Komornik_210_problem.png",FALSE,FALSE,,,,33ffdc04-ae12-4f91-9b5f-bb89d67d1dec,P,210,0,"Topology, Calculus and Approximation-Vilmos Komornik_210_problem.png"
"Topology, Calculus and Approximation-Vilmos Komornik_210_solution_part_1.png",FALSE,FALSE,,,,bb22bf81-164f-4656-925f-9e2501648d6e,S,210,1,"Topology, Calculus and Approximation-Vilmos Komornik_210_solution_part_1.png"
"Topology, Calculus and Approximation-Vilmos Komornik_210_solution_part_2.png",FALSE,FALSE,,,,89767c56-9d2b-4d05-adad-a469430c757a,S,210,2,"Topology, Calculus and Approximation-Vilmos Komornik_210_solution_part_2.png"
"Topology, Calculus and Approximation-Vilmos Komornik_210_solution_part_3.png",TRUE,FALSE,,,,0ed72a10-9df7-4484-8acf-a8272c3b2aed,S,210,3,"Topology, Calculus and Approximation-Vilmos Komornik_210_solution_part_3.png"
"Topology, Calculus and Approximation-Vilmos Komornik_211_problem.png",FALSE,TRUE,,,,c3fb2f57-bc70-4a7f-99ed-3b4d18449b59,P,211,0,"Topology, Calculus and Approximation-Vilmos Komornik_211_problem.png"
"Topology, Calculus and Approximation-Vilmos Komornik_211_solution.png",FALSE,TRUE,,,,092a2f7e-910f-4305-bcf8-b269f3e46c8f,S,211,0,"Topology, Calculus and Approximation-Vilmos Komornik_211_solution.png"
"Topology, Calculus and Approximation-Vilmos Komornik_212_problem.png",FALSE,FALSE,,,,5e75145c-c41b-440d-8120-d43d174ed158,P,212,0,"Topology, Calculus and Approximation-Vilmos Komornik_212_problem.png"
"Topology, Calculus and Approximation-Vilmos Komornik_212_solution_part_1.png",FALSE,FALSE,,,,bc026773-74ea-46c1-9d33-8bb46147a1b4,S,212,1,"Topology, Calculus and Approximation-Vilmos Komornik_212_solution_part_1.png"
"Topology, Calculus and Approximation-Vilmos Komornik_212_solution_part_2.png",FALSE,FALSE,,,,c16ba974-c171-4ac8-abd1-fd232a8cf5f9,S,212,2,"Topology, Calculus and Approximation-Vilmos Komornik_212_solution_part_2.png"
"Topology, Calculus and Approximation-Vilmos Komornik_212_solution_part_3.png",TRUE,FALSE,,,,82b316bc-a81c-4081-940f-746edd0036cd,S,212,3,"Topology, Calculus and Approximation-Vilmos Komornik_212_solution_part_3.png"
"Topology, Calculus and Approximation-Vilmos Komornik_213_problem.png",FALSE,FALSE,,,,59d769fd-2238-49f4-8d15-66766e276d73,P,213,0,"Topology, Calculus and Approximation-Vilmos Komornik_213_problem.png"
"Topology, Calculus and Approximation-Vilmos Komornik_213_solution_part_1.png",FALSE,FALSE,,,,cf60751a-c281-49f5-a8ac-bd449e4a32e8,S,213,1,"Topology, Calculus and Approximation-Vilmos Komornik_213_solution_part_1.png"
"Topology, Calculus and Approximation-Vilmos Komornik_213_solution_part_2.png",FALSE,FALSE,,,,ae8ae086-812e-42a4-986b-de275de88118,S,213,2,"Topology, Calculus and Approximation-Vilmos Komornik_213_solution_part_2.png"
"Topology, Calculus and Approximation-Vilmos Komornik_214_problem.png",FALSE,TRUE,,,,392529f5-23ac-40f9-915a-0f7db940b692,P,214,0,"Topology, Calculus and Approximation-Vilmos Komornik_214_problem.png"
"Topology, Calculus and Approximation-Vilmos Komornik_214_solution.png",FALSE,TRUE,,,,66140340-c5d0-4efe-b001-361b3be19f6e,S,214,0,"Topology, Calculus and Approximation-Vilmos Komornik_214_solution.png"
"Topology, Calculus and Approximation-Vilmos Komornik_215_problem.png",FALSE,TRUE,,,,4d81001a-5803-438a-98f9-7f9e664f7bd1,P,215,0,"Topology, Calculus and Approximation-Vilmos Komornik_215_problem.png"
"Topology, Calculus and Approximation-Vilmos Komornik_215_solution_part_1.png",FALSE,TRUE,,,,b3cf52b0-677d-43f2-a349-56fb7a838437,S,215,1,"Topology, Calculus and Approximation-Vilmos Komornik_215_solution_part_1.png"
"Topology, Calculus and Approximation-Vilmos Komornik_215_solution_part_2.png",FALSE,TRUE,,,,a687520d-699c-4313-9b21-c412bcac6102,S,215,2,"Topology, Calculus and Approximation-Vilmos Komornik_215_solution_part_2.png"
"Topology, Calculus and Approximation-Vilmos Komornik_216_problem.png",FALSE,TRUE,,,,cee243d6-94dd-4991-b2af-f139cdbeb1be,P,216,0,"Topology, Calculus and Approximation-Vilmos Komornik_216_problem.png"
"Topology, Calculus and Approximation-Vilmos Komornik_216_solution_part_1.png",FALSE,TRUE,,,,89dd79f9-6c5d-40ea-981c-0d957ff6aa6d,S,216,1,"Topology, Calculus and Approximation-Vilmos Komornik_216_solution_part_1.png"
"Topology, Calculus and Approximation-Vilmos Komornik_216_solution_part_2.png",FALSE,TRUE,,,,74405ad8-5a24-4674-ae59-62ed13c583b7,S,216,2,"Topology, Calculus and Approximation-Vilmos Komornik_216_solution_part_2.png"
"Topology, Calculus and Approximation-Vilmos Komornik_216_solution_part_3.png",FALSE,TRUE,,,,4cf0e47b-f8ee-44f8-992d-80cceaa5303d,S,216,3,"Topology, Calculus and Approximation-Vilmos Komornik_216_solution_part_3.png"
"Topology, Calculus and Approximation-Vilmos Komornik_217_problem.png",FALSE,TRUE,,,,4fdfac85-b7b0-4e78-92c4-d62b96be8105,P,217,0,"Topology, Calculus and Approximation-Vilmos Komornik_217_problem.png"
"Topology, Calculus and Approximation-Vilmos Komornik_217_solution.png",FALSE,TRUE,,,,75080d65-6895-48b7-ac16-ec33d02b0a77,S,217,0,"Topology, Calculus and Approximation-Vilmos Komornik_217_solution.png"
"Topology, Calculus and Approximation-Vilmos Komornik_218_problem.png",FALSE,TRUE,,,,eeabfa9e-0de5-45ad-bedc-1bb485f7c68b,P,218,0,"Topology, Calculus and Approximation-Vilmos Komornik_218_problem.png"
"Topology, Calculus and Approximation-Vilmos Komornik_218_solution_part_1.png",FALSE,TRUE,,,,39f7cfeb-635e-444b-b8c8-30d8c8c667e7,S,218,1,"Topology, Calculus and Approximation-Vilmos Komornik_218_solution_part_1.png"
"Topology, Calculus and Approximation-Vilmos Komornik_218_solution_part_2.png",FALSE,TRUE,,,,e3b4c8e8-3462-434f-ace4-e5000747bf6f,S,218,2,"Topology, Calculus and Approximation-Vilmos Komornik_218_solution_part_2.png"
"Topology, Calculus and Approximation-Vilmos Komornik_218_solution_part_3.png",FALSE,TRUE,,,,4b264e16-bf79-4670-8d76-4c7c3394e025,S,218,3,"Topology, Calculus and Approximation-Vilmos Komornik_218_solution_part_3.png"
"Topology, Calculus and Approximation-Vilmos Komornik_218_solution_part_4.png",FALSE,TRUE,,,,c6f96637-3618-4798-a160-119f8c34c28a,S,218,4,"Topology, Calculus and Approximation-Vilmos Komornik_218_solution_part_4.png"
"Topology, Calculus and Approximation-Vilmos Komornik_219_problem.png",FALSE,TRUE,,,,5db5723c-1240-4ee5-8670-18e45e986641,P,219,0,"Topology, Calculus and Approximation-Vilmos Komornik_219_problem.png"
"Topology, Calculus and Approximation-Vilmos Komornik_219_solution.png",FALSE,TRUE,,,,3fa031d7-f2fc-4b9a-a812-2bf4654545d2,S,219,0,"Topology, Calculus and Approximation-Vilmos Komornik_219_solution.png"
"Topology, Calculus and Approximation-Vilmos Komornik_220_problem_part_1.png",FALSE,TRUE,,,,60fe8b44-b34f-427b-ab5a-02b1447a5168,P,220,1,"Topology, Calculus and Approximation-Vilmos Komornik_220_problem_part_1.png"
"Topology, Calculus and Approximation-Vilmos Komornik_220_problem_part_2.png",FALSE,TRUE,,,,3c21532d-dc36-4b79-b8c7-725872be4ce6,P,220,2,"Topology, Calculus and Approximation-Vilmos Komornik_220_problem_part_2.png"
"Topology, Calculus and Approximation-Vilmos Komornik_220_solution_part_1.png",FALSE,TRUE,,,,6609fabd-6a7c-4def-a85f-c6abf975d0d9,S,220,1,"Topology, Calculus and Approximation-Vilmos Komornik_220_solution_part_1.png"
"Topology, Calculus and Approximation-Vilmos Komornik_220_solution_part_2.png",FALSE,TRUE,,,,a85a88e9-76d2-4964-816d-1ae8c3af14f5,S,220,2,"Topology, Calculus and Approximation-Vilmos Komornik_220_solution_part_2.png"
"Topology, Calculus and Approximation-Vilmos Komornik_221_problem.png",FALSE,TRUE,,,,2ae527bc-c428-4b9e-85a7-ba43f900b4a8,P,221,0,"Topology, Calculus and Approximation-Vilmos Komornik_221_problem.png"
"Topology, Calculus and Approximation-Vilmos Komornik_221_solution.png",FALSE,TRUE,,,,d0bffeb0-1140-454b-b4b6-dec39e350164,S,221,0,"Topology, Calculus and Approximation-Vilmos Komornik_221_solution.png"
"Topology, Calculus and Approximation-Vilmos Komornik_222_problem.png",FALSE,TRUE,,,,17328c09-5559-40de-8bcd-2dae6389eec3,P,222,0,"Topology, Calculus and Approximation-Vilmos Komornik_222_problem.png"
"Topology, Calculus and Approximation-Vilmos Komornik_222_solution.png",FALSE,TRUE,,,,c7286656-4b9c-4f93-a1ca-0679388734d4,S,222,0,"Topology, Calculus and Approximation-Vilmos Komornik_222_solution.png"
"Topology, Calculus and Approximation-Vilmos Komornik_223_problem.png",FALSE,TRUE,,,,cdabca4c-0f43-4263-8fd3-305034393b6c,P,223,0,"Topology, Calculus and Approximation-Vilmos Komornik_223_problem.png"
"Topology, Calculus and Approximation-Vilmos Komornik_223_solution_part_1.png",FALSE,TRUE,,,,1ab0869a-af72-4448-9653-dffde108c35d,S,223,1,"Topology, Calculus and Approximation-Vilmos Komornik_223_solution_part_1.png"
"Topology, Calculus and Approximation-Vilmos Komornik_223_solution_part_2.png",FALSE,TRUE,,,,0cc8479b-4c73-4e04-8658-1b22e16b2d07,S,223,2,"Topology, Calculus and Approximation-Vilmos Komornik_223_solution_part_2.png"
"Topology, Calculus and Approximation-Vilmos Komornik_223_solution_part_3.png",FALSE,TRUE,,,,fbdc3455-f336-41cd-a843-74ca549dd9cf,S,223,3,"Topology, Calculus and Approximation-Vilmos Komornik_223_solution_part_3.png"
"Topology, Calculus and Approximation-Vilmos Komornik_224_problem.png",FALSE,TRUE,,,,64c5e1eb-87e9-4102-a161-f8042d563149,P,224,0,"Topology, Calculus and Approximation-Vilmos Komornik_224_problem.png"
"Topology, Calculus and Approximation-Vilmos Komornik_224_solution.png",FALSE,TRUE,,,,bb3d04c9-65ea-48cf-b4a2-78accf7dbfad,S,224,0,"Topology, Calculus and Approximation-Vilmos Komornik_224_solution.png"
"Topology, Calculus and Approximation-Vilmos Komornik_225_problem.png",FALSE,TRUE,,,,f896d45d-fec4-45d8-aff0-2cc789c89b3a,P,225,0,"Topology, Calculus and Approximation-Vilmos Komornik_225_problem.png"
"Topology, Calculus and Approximation-Vilmos Komornik_225_solution_part_1.png",FALSE,TRUE,,,,ce1275d9-915a-4645-b474-b34d8a193bf8,S,225,1,"Topology, Calculus and Approximation-Vilmos Komornik_225_solution_part_1.png"
"Topology, Calculus and Approximation-Vilmos Komornik_225_solution_part_2.png",FALSE,TRUE,,,,3cf031db-f6c2-450e-a7d4-339a1f49948b,S,225,2,"Topology, Calculus and Approximation-Vilmos Komornik_225_solution_part_2.png"
"Topology, Calculus and Approximation-Vilmos Komornik_226_problem.png",FALSE,TRUE,,,,e6c0063b-85a2-44e5-9469-17ec8b884b8a,P,226,0,"Topology, Calculus and Approximation-Vilmos Komornik_226_problem.png"
"Topology, Calculus and Approximation-Vilmos Komornik_226_solution_part_1.png",FALSE,TRUE,,,,1af20c33-f390-4b00-99db-64a7aee03fc6,S,226,1,"Topology, Calculus and Approximation-Vilmos Komornik_226_solution_part_1.png"
"Topology, Calculus and Approximation-Vilmos Komornik_226_solution_part_2.png",FALSE,TRUE,,,,12ef02e9-bfc2-4be2-a6ef-b145de509b9c,S,226,2,"Topology, Calculus and Approximation-Vilmos Komornik_226_solution_part_2.png"
"Topology, Calculus and Approximation-Vilmos Komornik_226_solution_part_3.png",FALSE,TRUE,,,,e3aed216-0922-43f7-a3eb-d4d90d27e957,S,226,3,"Topology, Calculus and Approximation-Vilmos Komornik_226_solution_part_3.png"
"Topology, Calculus and Approximation-Vilmos Komornik_226_solution_part_4.png",FALSE,TRUE,,,,5a7c9d29-f006-4272-bddd-5a745d9455ea,S,226,4,"Topology, Calculus and Approximation-Vilmos Komornik_226_solution_part_4.png"
"Topology, Calculus and Approximation-Vilmos Komornik_227_problem.png",FALSE,TRUE,,,,aa4d0a8a-67c7-4245-a68b-a3a064cc4022,P,227,0,"Topology, Calculus and Approximation-Vilmos Komornik_227_problem.png"
"Topology, Calculus and Approximation-Vilmos Komornik_227_solution_part_1.png",FALSE,TRUE,,,,5b27e9ab-5032-4aa0-87f2-c0a914a8fa2e,S,227,1,"Topology, Calculus and Approximation-Vilmos Komornik_227_solution_part_1.png"
"Topology, Calculus and Approximation-Vilmos Komornik_227_solution_part_2.png",FALSE,TRUE,,,,fe1f88d5-f61a-47bd-bc2c-cc600b227db3,S,227,2,"Topology, Calculus and Approximation-Vilmos Komornik_227_solution_part_2.png"
"Topology, Calculus and Approximation-Vilmos Komornik_228_problem.png",FALSE,TRUE,,,,2a6ad201-85b5-4a88-8428-98e8efabecef,P,228,0,"Topology, Calculus and Approximation-Vilmos Komornik_228_problem.png"
"Topology, Calculus and Approximation-Vilmos Komornik_228_solution_part_1.png",FALSE,TRUE,,,,e5b74491-41a1-4d35-b719-00de99df7447,S,228,1,"Topology, Calculus and Approximation-Vilmos Komornik_228_solution_part_1.png"
"Topology, Calculus and Approximation-Vilmos Komornik_228_solution_part_2.png",FALSE,TRUE,,,,492c985f-cfa0-44da-86d5-200d324b551b,S,228,2,"Topology, Calculus and Approximation-Vilmos Komornik_228_solution_part_2.png"
"Topology, Calculus and Approximation-Vilmos Komornik_229_problem.png",FALSE,TRUE,,,,6bff9294-c6cc-42fc-9ed8-02952d29a4ee,P,229,0,"Topology, Calculus and Approximation-Vilmos Komornik_229_problem.png"
"Topology, Calculus and Approximation-Vilmos Komornik_229_solution_part_1.png",FALSE,TRUE,,,,16e872ae-f8b7-45b1-bb00-dd81b52e8d88,S,229,1,"Topology, Calculus and Approximation-Vilmos Komornik_229_solution_part_1.png"
"Topology, Calculus and Approximation-Vilmos Komornik_229_solution_part_2.png",FALSE,TRUE,,,,dd144dd3-9659-4cba-83a6-23c8941e099e,S,229,2,"Topology, Calculus and Approximation-Vilmos Komornik_229_solution_part_2.png"
"Topology, Calculus and Approximation-Vilmos Komornik_229_solution_part_3.png",FALSE,TRUE,,,,a349b146-f263-440e-9335-95127b72d0a2,S,229,3,"Topology, Calculus and Approximation-Vilmos Komornik_229_solution_part_3.png"
"Topology, Calculus and Approximation-Vilmos Komornik_230_problem_part_1.png",FALSE,TRUE,,,,be9f1203-3227-4a90-b0a2-90d818118c2e,P,230,1,"Topology, Calculus and Approximation-Vilmos Komornik_230_problem_part_1.png"
"Topology, Calculus and Approximation-Vilmos Komornik_230_problem_part_2.png",FALSE,TRUE,,,,5432d9eb-be5f-4d1a-a916-4ee3fafa2033,P,230,2,"Topology, Calculus and Approximation-Vilmos Komornik_230_problem_part_2.png"
"Topology, Calculus and Approximation-Vilmos Komornik_230_solution.png",FALSE,TRUE,,,,375b9a53-7da8-4ca9-bb5d-90df9fbcbaa6,S,230,0,"Topology, Calculus and Approximation-Vilmos Komornik_230_solution.png"
"Topology, Calculus and Approximation-Vilmos Komornik_231_problem.png",FALSE,TRUE,,,,99e208b7-b67b-457c-9669-c28a5f42d584,P,231,0,"Topology, Calculus and Approximation-Vilmos Komornik_231_problem.png"
"Topology, Calculus and Approximation-Vilmos Komornik_231_solution_part_1.png",FALSE,TRUE,,,,5ee9e5fe-593f-4ce2-8403-847c847434db,S,231,1,"Topology, Calculus and Approximation-Vilmos Komornik_231_solution_part_1.png"
"Topology, Calculus and Approximation-Vilmos Komornik_231_solution_part_2.png",FALSE,TRUE,,,,e782586f-ee22-43f7-80aa-f7a02f6ef1f3,S,231,2,"Topology, Calculus and Approximation-Vilmos Komornik_231_solution_part_2.png"
"Topology, Calculus and Approximation-Vilmos Komornik_232_problem_part_1.png",TRUE,TRUE,,,,f3102d38-1907-4855-a411-18362241b099,P,232,1,"Topology, Calculus and Approximation-Vilmos Komornik_232_problem_part_1.png"
"Topology, Calculus and Approximation-Vilmos Komornik_232_problem_part_2.png",FALSE,TRUE,,,,beeb5fe3-8a00-4092-8c69-bf29888ee86f,P,232,2,"Topology, Calculus and Approximation-Vilmos Komornik_232_problem_part_2.png"
"Topology, Calculus and Approximation-Vilmos Komornik_232_solution_part_1.png",FALSE,TRUE,,,,d07a618f-552f-49a1-b79d-188cf89217cd,S,232,1,"Topology, Calculus and Approximation-Vilmos Komornik_232_solution_part_1.png"
"Topology, Calculus and Approximation-Vilmos Komornik_232_solution_part_2.png",FALSE,TRUE,,,,cda1e519-a5d0-4348-b05a-9470354b3b3d,S,232,2,"Topology, Calculus and Approximation-Vilmos Komornik_232_solution_part_2.png"
"Topology, Calculus and Approximation-Vilmos Komornik_233_problem.png",FALSE,FALSE,,,,82155b03-d202-4b3a-9d06-9c83321ec235,P,233,0,"Topology, Calculus and Approximation-Vilmos Komornik_233_problem.png"
"Topology, Calculus and Approximation-Vilmos Komornik_233_solution.png",FALSE,FALSE,,,,59a3fa28-b058-4127-bb23-93f4c7c24623,S,233,0,"Topology, Calculus and Approximation-Vilmos Komornik_233_solution.png"
"Topology, Calculus and Approximation-Vilmos Komornik_234_problem.png",FALSE,TRUE,,,,83f165c5-038e-4dde-9e83-08132bf65506,P,234,0,"Topology, Calculus and Approximation-Vilmos Komornik_234_problem.png"
"Topology, Calculus and Approximation-Vilmos Komornik_234_solution.png",FALSE,TRUE,,,,7c09f9cc-a9cd-46f4-817a-14152fad0c30,S,234,0,"Topology, Calculus and Approximation-Vilmos Komornik_234_solution.png"
"Topology, Calculus and Approximation-Vilmos Komornik_235_problem.png",FALSE,TRUE,,,,b158197b-2d81-4042-98aa-a8f2abd07b20,P,235,0,"Topology, Calculus and Approximation-Vilmos Komornik_235_problem.png"
"Topology, Calculus and Approximation-Vilmos Komornik_235_solution.png",FALSE,TRUE,,,,94fd9ae9-6453-449c-9e59-02d5a8b12b4e,S,235,0,"Topology, Calculus and Approximation-Vilmos Komornik_235_solution.png"
"Topology, Calculus and Approximation-Vilmos Komornik_236_problem.png",FALSE,TRUE,,,,316a85d4-0720-4a7f-98d6-506b8460022e,P,236,0,"Topology, Calculus and Approximation-Vilmos Komornik_236_problem.png"
"Topology, Calculus and Approximation-Vilmos Komornik_236_solution_part_1.png",FALSE,TRUE,,,,49f8e656-88b0-48d6-9e8b-dfef8c918f13,S,236,1,"Topology, Calculus and Approximation-Vilmos Komornik_236_solution_part_1.png"
"Topology, Calculus and Approximation-Vilmos Komornik_236_solution_part_2.png",FALSE,TRUE,,,,727f37e0-42e0-4d86-92ca-452b973ddaa9,S,236,2,"Topology, Calculus and Approximation-Vilmos Komornik_236_solution_part_2.png"
"Topology, Calculus and Approximation-Vilmos Komornik_237_problem.png",FALSE,TRUE,,,,2e60718d-9e99-4889-a3d0-2c956a1eec85,P,237,0,"Topology, Calculus and Approximation-Vilmos Komornik_237_problem.png"
"Topology, Calculus and Approximation-Vilmos Komornik_237_solution_part_1.png",FALSE,TRUE,,,,b5946b42-ea75-4243-8b32-9e6e0bd3fe80,S,237,1,"Topology, Calculus and Approximation-Vilmos Komornik_237_solution_part_1.png"
"Topology, Calculus and Approximation-Vilmos Komornik_237_solution_part_2.png",FALSE,TRUE,,,,b92ac651-d711-4e3e-8267-25ad3d30ddc2,S,237,2,"Topology, Calculus and Approximation-Vilmos Komornik_237_solution_part_2.png"
"Topology, Calculus and Approximation-Vilmos Komornik_238_problem.png",FALSE,TRUE,,,,5da3b70a-b08d-418f-ae86-9bfb617bfd3c,P,238,0,"Topology, Calculus and Approximation-Vilmos Komornik_238_problem.png"
"Topology, Calculus and Approximation-Vilmos Komornik_238_solution_part_1.png",FALSE,TRUE,,,,cfb204fa-5df3-4d48-9289-cfc6f5459d3a,S,238,1,"Topology, Calculus and Approximation-Vilmos Komornik_238_solution_part_1.png"
"Topology, Calculus and Approximation-Vilmos Komornik_238_solution_part_2.png",FALSE,TRUE,,,,1909e0ea-4d6f-4cef-b31e-fd5128cc2382,S,238,2,"Topology, Calculus and Approximation-Vilmos Komornik_238_solution_part_2.png"
"Topology, Calculus and Approximation-Vilmos Komornik_239_problem.png",FALSE,TRUE,,,,226fcec4-f9f1-4f42-a549-8604f3132296,P,239,0,"Topology, Calculus and Approximation-Vilmos Komornik_239_problem.png"
"Topology, Calculus and Approximation-Vilmos Komornik_239_solution.png",FALSE,TRUE,,,,08a87cd2-1d1a-4845-805e-2b5a33cb7fe1,S,239,0,"Topology, Calculus and Approximation-Vilmos Komornik_239_solution.png"
"Topology, Calculus and Approximation-Vilmos Komornik_240_problem.png",FALSE,TRUE,,,,3594261f-927e-4661-8898-63b6c7524217,P,240,0,"Topology, Calculus and Approximation-Vilmos Komornik_240_problem.png"
"Topology, Calculus and Approximation-Vilmos Komornik_240_solution.png",FALSE,TRUE,,,,09ab048d-1490-4b3a-945c-28fc26ebabc7,S,240,0,"Topology, Calculus and Approximation-Vilmos Komornik_240_solution.png"
"Topology, Calculus and Approximation-Vilmos Komornik_241_problem.png",FALSE,TRUE,,,,dc2419a7-d784-4031-9d6d-359fc655c05d,P,241,0,"Topology, Calculus and Approximation-Vilmos Komornik_241_problem.png"
"Topology, Calculus and Approximation-Vilmos Komornik_241_solution.png",FALSE,TRUE,,,,8c1f6b0b-b19b-45da-849c-277730be807c,S,241,0,"Topology, Calculus and Approximation-Vilmos Komornik_241_solution.png"
"Topology, Calculus and Approximation-Vilmos Komornik_242_problem_part_1.png",FALSE,TRUE,,,,81c6d4ff-0721-4402-aef4-24ca5d7cebb5,P,242,1,"Topology, Calculus and Approximation-Vilmos Komornik_242_problem_part_1.png"
"Topology, Calculus and Approximation-Vilmos Komornik_242_problem_part_2.png",FALSE,TRUE,,,,8ae78459-0d94-4c4e-b90f-c524b6a32d36,P,242,2,"Topology, Calculus and Approximation-Vilmos Komornik_242_problem_part_2.png"
"Topology, Calculus and Approximation-Vilmos Komornik_242_solution.png",FALSE,TRUE,,,,8382429c-cebb-4ffe-8650-f4a99d40223f,S,242,0,"Topology, Calculus and Approximation-Vilmos Komornik_242_solution.png"
"Topology, Calculus and Approximation-Vilmos Komornik_243_problem.png",FALSE,TRUE,,,,4a4eead7-73eb-489d-ad8d-adc2f1c0d32b,P,243,0,"Topology, Calculus and Approximation-Vilmos Komornik_243_problem.png"
"Topology, Calculus and Approximation-Vilmos Komornik_243_solution_part_1.png",FALSE,TRUE,,,,086242d4-d881-485b-8667-f655d1cd3668,S,243,1,"Topology, Calculus and Approximation-Vilmos Komornik_243_solution_part_1.png"
"Topology, Calculus and Approximation-Vilmos Komornik_243_solution_part_2.png",FALSE,TRUE,,,,782dc52f-a461-433b-9ca3-e70c5e889d4e,S,243,2,"Topology, Calculus and Approximation-Vilmos Komornik_243_solution_part_2.png"
"Topology, Calculus and Approximation-Vilmos Komornik_243_solution_part_3.png",FALSE,TRUE,,,,327d9549-1d1a-4c84-b608-5e90e11fb0bd,S,243,3,"Topology, Calculus and Approximation-Vilmos Komornik_243_solution_part_3.png"
"Topology, Calculus and Approximation-Vilmos Komornik_244_problem.png",FALSE,TRUE,,,,35f6d1cf-c8bb-493e-934d-2dc59edbe328,P,244,0,"Topology, Calculus and Approximation-Vilmos Komornik_244_problem.png"
"Topology, Calculus and Approximation-Vilmos Komornik_244_solution_part_1.png",FALSE,TRUE,,,,42e29e0a-4d32-4b55-a120-190531ad1523,S,244,1,"Topology, Calculus and Approximation-Vilmos Komornik_244_solution_part_1.png"
"Topology, Calculus and Approximation-Vilmos Komornik_244_solution_part_2.png",TRUE,TRUE,,,,7e6b005f-0c81-418b-8230-6c984bc0718c,S,244,2,"Topology, Calculus and Approximation-Vilmos Komornik_244_solution_part_2.png"
"Topology, Calculus and Approximation-Vilmos Komornik_245_problem.png",FALSE,TRUE,,,,ea37157c-ca54-4935-9b4c-053909a2e120,P,245,0,"Topology, Calculus and Approximation-Vilmos Komornik_245_problem.png"
"Topology, Calculus and Approximation-Vilmos Komornik_245_solution_part_1.png",FALSE,TRUE,,,,d0016233-66c6-4331-8072-56f9fa537bab,S,245,1,"Topology, Calculus and Approximation-Vilmos Komornik_245_solution_part_1.png"
"Topology, Calculus and Approximation-Vilmos Komornik_245_solution_part_2.png",FALSE,TRUE,,,,450739ab-b5fe-4565-860b-31370d8fd5c3,S,245,2,"Topology, Calculus and Approximation-Vilmos Komornik_245_solution_part_2.png"
"Topology, Calculus and Approximation-Vilmos Komornik_245_solution_part_3.png",FALSE,TRUE,,,,31b75344-b89f-44ba-b0e9-2c0ee9b1255d,S,245,3,"Topology, Calculus and Approximation-Vilmos Komornik_245_solution_part_3.png"
"Topology, Calculus and Approximation-Vilmos Komornik_246_problem.png",FALSE,TRUE,,,,a0318427-f4dd-49f3-b850-2059ea9c63ff,P,246,0,"Topology, Calculus and Approximation-Vilmos Komornik_246_problem.png"
"Topology, Calculus and Approximation-Vilmos Komornik_246_solution.png",FALSE,TRUE,,,,761d88de-472a-4cb6-a1c1-a0a8a37fe71b,S,246,0,"Topology, Calculus and Approximation-Vilmos Komornik_246_solution.png"
"Topology, Calculus and Approximation-Vilmos Komornik_247_problem.png",TRUE,TRUE,,,,e865cdd3-7bf0-4bdd-a59d-80d11a69ab75,P,247,0,"Topology, Calculus and Approximation-Vilmos Komornik_247_problem.png"
"Topology, Calculus and Approximation-Vilmos Komornik_247_solution_part_1.png",FALSE,TRUE,,,,682c6fde-44fd-4c30-8a63-16542070746d,S,247,1,"Topology, Calculus and Approximation-Vilmos Komornik_247_solution_part_1.png"
"Topology, Calculus and Approximation-Vilmos Komornik_247_solution_part_2.png",FALSE,TRUE,,,,848aac72-616f-45ad-90f0-0c358e54a85e,S,247,2,"Topology, Calculus and Approximation-Vilmos Komornik_247_solution_part_2.png"
"Topology, Calculus and Approximation-Vilmos Komornik_248_problem.png",FALSE,FALSE,,,,cb88aa79-d997-4bcd-8cd2-f68b9dd85709,P,248,0,"Topology, Calculus and Approximation-Vilmos Komornik_248_problem.png"
"Topology, Calculus and Approximation-Vilmos Komornik_248_solution.png",FALSE,FALSE,,,,aa890c06-ee4d-4853-b769-14b41f0585f3,S,248,0,"Topology, Calculus and Approximation-Vilmos Komornik_248_solution.png"
"Topology, Calculus and Approximation-Vilmos Komornik_249_problem_part_1.png",FALSE,TRUE,,,,af4def85-f7f9-4f3c-8bfc-e68198e6d746,P,249,1,"Topology, Calculus and Approximation-Vilmos Komornik_249_problem_part_1.png"
"Topology, Calculus and Approximation-Vilmos Komornik_249_problem_part_2.png",FALSE,TRUE,,,,cc3198bc-69e7-437e-bb92-ed1a48cde162,P,249,2,"Topology, Calculus and Approximation-Vilmos Komornik_249_problem_part_2.png"
"Topology, Calculus and Approximation-Vilmos Komornik_249_problem_part_3.png",FALSE,TRUE,,,,58134c26-c968-41ef-ba41-428f97f52ea9,P,249,3,"Topology, Calculus and Approximation-Vilmos Komornik_249_problem_part_3.png"
"Topology, Calculus and Approximation-Vilmos Komornik_249_solution.png",FALSE,TRUE,,,,812f17b3-c9dd-45da-bfe4-f090d0e1b321,S,249,0,"Topology, Calculus and Approximation-Vilmos Komornik_249_solution.png"
"Topology, Calculus and Approximation-Vilmos Komornik_250_problem_part_1.png",FALSE,TRUE,,,,7b0a04ca-8696-4334-9dda-009a85cb5b08,P,250,1,"Topology, Calculus and Approximation-Vilmos Komornik_250_problem_part_1.png"
"Topology, Calculus and Approximation-Vilmos Komornik_250_problem_part_2.png",FALSE,TRUE,,,,6bce4c1c-9bea-4816-ad47-5fc6e76a10ed,P,250,2,"Topology, Calculus and Approximation-Vilmos Komornik_250_problem_part_2.png"
"Topology, Calculus and Approximation-Vilmos Komornik_250_solution.png",FALSE,TRUE,,,,3af5ffca-70ac-4df4-ab46-4b0b96abf4b8,S,250,0,"Topology, Calculus and Approximation-Vilmos Komornik_250_solution.png"
"Topology, Calculus and Approximation-Vilmos Komornik_251_problem.png",FALSE,TRUE,,,,41255daa-59f9-4550-840b-6f2253111071,P,251,0,"Topology, Calculus and Approximation-Vilmos Komornik_251_problem.png"
"Topology, Calculus and Approximation-Vilmos Komornik_251_solution_part_1.png",FALSE,TRUE,,,,0887ad9f-b6dc-42e5-861c-5aab008c6b37,S,251,1,"Topology, Calculus and Approximation-Vilmos Komornik_251_solution_part_1.png"
"Topology, Calculus and Approximation-Vilmos Komornik_251_solution_part_2.png",FALSE,TRUE,,,,5e33df4e-3754-44ce-82e4-bddee6a3ab6b,S,251,2,"Topology, Calculus and Approximation-Vilmos Komornik_251_solution_part_2.png"
"Topology, Calculus and Approximation-Vilmos Komornik_252_problem.png",FALSE,TRUE,,,,67d1d60d-962f-414d-9db9-ee8429dedf67,P,252,0,"Topology, Calculus and Approximation-Vilmos Komornik_252_problem.png"
"Topology, Calculus and Approximation-Vilmos Komornik_252_solution_part_1.png",FALSE,TRUE,,,,a8890ef8-331f-4f40-a2ad-737e00338653,S,252,1,"Topology, Calculus and Approximation-Vilmos Komornik_252_solution_part_1.png"
"Topology, Calculus and Approximation-Vilmos Komornik_252_solution_part_2.png",FALSE,TRUE,,,,79c0b772-71d2-4065-98d4-a98418883c2c,S,252,2,"Topology, Calculus and Approximation-Vilmos Komornik_252_solution_part_2.png"
"Topology, Calculus and Approximation-Vilmos Komornik_253_problem_part_1.png",FALSE,TRUE,,,,217ef7e3-f0ba-4944-b274-ece99eab2d7a,P,253,1,"Topology, Calculus and Approximation-Vilmos Komornik_253_problem_part_1.png"
"Topology, Calculus and Approximation-Vilmos Komornik_253_problem_part_2.png",FALSE,TRUE,,,,69057631-b140-465d-bcfa-7af4a0d5b710,P,253,2,"Topology, Calculus and Approximation-Vilmos Komornik_253_problem_part_2.png"
"Topology, Calculus and Approximation-Vilmos Komornik_253_solution_part_1.png",FALSE,TRUE,,,,24a75b28-dc4e-45ce-b584-42be93f905b6,S,253,1,"Topology, Calculus and Approximation-Vilmos Komornik_253_solution_part_1.png"
"Topology, Calculus and Approximation-Vilmos Komornik_253_solution_part_2.png",FALSE,TRUE,,,,9e06e059-5aa2-4e59-bd8c-738219b0d964,S,253,2,"Topology, Calculus and Approximation-Vilmos Komornik_253_solution_part_2.png"
"Topology, Calculus and Approximation-Vilmos Komornik_254_problem.png",FALSE,TRUE,,,,2caec257-0c1a-47e2-9bbb-c29170df6f92,P,254,0,"Topology, Calculus and Approximation-Vilmos Komornik_254_problem.png"
"Topology, Calculus and Approximation-Vilmos Komornik_254_solution_part_1.png",FALSE,TRUE,,,,1d3a6428-552b-4d47-a938-6fedb1b0fdc7,S,254,1,"Topology, Calculus and Approximation-Vilmos Komornik_254_solution_part_1.png"
"Topology, Calculus and Approximation-Vilmos Komornik_254_solution_part_2.png",FALSE,TRUE,,,,d31068b5-7971-4b55-b464-a8e3258dea39,S,254,2,"Topology, Calculus and Approximation-Vilmos Komornik_254_solution_part_2.png"
"Topology, Calculus and Approximation-Vilmos Komornik_255_problem.png",FALSE,TRUE,,,,341cb514-ba18-4077-b3df-18ebba097fb1,P,255,0,"Topology, Calculus and Approximation-Vilmos Komornik_255_problem.png"
"Topology, Calculus and Approximation-Vilmos Komornik_255_solution.png",FALSE,TRUE,,,,b68e69de-0b63-4f50-9299-2a36f091c5eb,S,255,0,"Topology, Calculus and Approximation-Vilmos Komornik_255_solution.png"
"Topology, Calculus and Approximation-Vilmos Komornik_256_problem_part_1.png",FALSE,TRUE,,,,5d5c012e-fbf0-4799-90bc-b9b8acca1187,P,256,1,"Topology, Calculus and Approximation-Vilmos Komornik_256_problem_part_1.png"
"Topology, Calculus and Approximation-Vilmos Komornik_256_problem_part_2.png",FALSE,TRUE,,,,ff569793-ab2a-4122-9dc7-befe17da8eb7,P,256,2,"Topology, Calculus and Approximation-Vilmos Komornik_256_problem_part_2.png"
"Topology, Calculus and Approximation-Vilmos Komornik_256_solution_part_1.png",FALSE,TRUE,,,,b677bd6f-a63e-4bee-9348-06df53f5c8bd,S,256,1,"Topology, Calculus and Approximation-Vilmos Komornik_256_solution_part_1.png"
"Topology, Calculus and Approximation-Vilmos Komornik_256_solution_part_2.png",FALSE,TRUE,,,,737b3936-a5a0-430f-bf67-29b31da8fe89,S,256,2,"Topology, Calculus and Approximation-Vilmos Komornik_256_solution_part_2.png"
"Topology, Calculus and Approximation-Vilmos Komornik_257_problem_part_1.png",FALSE,TRUE,,,,1fd66abc-73ef-44da-967c-32dcc642816e,P,257,1,"Topology, Calculus and Approximation-Vilmos Komornik_257_problem_part_1.png"
"Topology, Calculus and Approximation-Vilmos Komornik_257_problem_part_2.png",FALSE,TRUE,,,,1d717260-adc0-4e60-a0b2-6054604a85ce,P,257,2,"Topology, Calculus and Approximation-Vilmos Komornik_257_problem_part_2.png"
"Topology, Calculus and Approximation-Vilmos Komornik_257_solution_part_1.png",FALSE,TRUE,,,,8086fe14-6a3b-4d82-83a2-95034e8745bc,S,257,1,"Topology, Calculus and Approximation-Vilmos Komornik_257_solution_part_1.png"
"Topology, Calculus and Approximation-Vilmos Komornik_257_solution_part_2.png",FALSE,TRUE,,,,e570d57d-41b0-4267-adb8-c85edc26e80b,S,257,2,"Topology, Calculus and Approximation-Vilmos Komornik_257_solution_part_2.png"
"Topology, Calculus and Approximation-Vilmos Komornik_258_problem.png",FALSE,TRUE,,,,21004ebb-f158-46de-90ba-21b5601113e3,P,258,0,"Topology, Calculus and Approximation-Vilmos Komornik_258_problem.png"
"Topology, Calculus and Approximation-Vilmos Komornik_258_solution.png",FALSE,TRUE,,,,c81f48d7-d41d-45c4-9380-f91501c2bffa,S,258,0,"Topology, Calculus and Approximation-Vilmos Komornik_258_solution.png"
"Topology, Calculus and Approximation-Vilmos Komornik_259_problem.png",FALSE,TRUE,,,,fd661113-a14f-46a4-bde4-7f7ded013bf2,P,259,0,"Topology, Calculus and Approximation-Vilmos Komornik_259_problem.png"
"Topology, Calculus and Approximation-Vilmos Komornik_259_solution.png",FALSE,TRUE,,,,82e61188-eba6-406f-b618-df5807a39503,S,259,0,"Topology, Calculus and Approximation-Vilmos Komornik_259_solution.png"
"Topology, Calculus and Approximation-Vilmos Komornik_260_problem_part_1.png",FALSE,TRUE,,,,88358295-3df5-4ae4-82ca-8380a9b20485,P,260,1,"Topology, Calculus and Approximation-Vilmos Komornik_260_problem_part_1.png"
"Topology, Calculus and Approximation-Vilmos Komornik_260_problem_part_2.png",FALSE,TRUE,,,,3e8c1854-c60b-4cde-8122-18e1d0093537,P,260,2,"Topology, Calculus and Approximation-Vilmos Komornik_260_problem_part_2.png"
"Topology, Calculus and Approximation-Vilmos Komornik_260_problem_part_3.png",FALSE,TRUE,,,,0eb7b183-efdc-48f7-80db-05b69827be5e,P,260,3,"Topology, Calculus and Approximation-Vilmos Komornik_260_problem_part_3.png"
"Topology, Calculus and Approximation-Vilmos Komornik_260_solution_part_1.png",FALSE,TRUE,,,,2ee266b1-6c44-40e0-85fa-36d106a6bd99,S,260,1,"Topology, Calculus and Approximation-Vilmos Komornik_260_solution_part_1.png"
"Topology, Calculus and Approximation-Vilmos Komornik_260_solution_part_2.png",FALSE,TRUE,,,,c770cd2e-fa8b-4fd3-af01-1e32d40aa9b1,S,260,2,"Topology, Calculus and Approximation-Vilmos Komornik_260_solution_part_2.png"
"Topology, Calculus and Approximation-Vilmos Komornik_260_solution_part_3.png",FALSE,TRUE,,,,f84e1fa4-a45a-47fe-924b-eddfe066cf6f,S,260,3,"Topology, Calculus and Approximation-Vilmos Komornik_260_solution_part_3.png"
"Topology, Calculus and Approximation-Vilmos Komornik_260_solution_part_4.png",FALSE,TRUE,,,,85835bd6-b781-4644-bb9b-3905f65f97bb,S,260,4,"Topology, Calculus and Approximation-Vilmos Komornik_260_solution_part_4.png"
"Topology, Calculus and Approximation-Vilmos Komornik_261_problem.png",FALSE,TRUE,,,,6351d06e-66c3-4977-9062-fd4491a4bf4b,P,261,0,"Topology, Calculus and Approximation-Vilmos Komornik_261_problem.png"
"Topology, Calculus and Approximation-Vilmos Komornik_261_solution.png",FALSE,TRUE,,,,fe10a13a-f69c-40fe-bd0c-4ee281fada55,S,261,0,"Topology, Calculus and Approximation-Vilmos Komornik_261_solution.png"
"Topology, Calculus and Approximation-Vilmos Komornik_262_problem.png",FALSE,TRUE,,,,e558cab0-a88d-4784-9577-3a9cf8ba4bc8,P,262,0,"Topology, Calculus and Approximation-Vilmos Komornik_262_problem.png"
"Topology, Calculus and Approximation-Vilmos Komornik_262_solution.png",FALSE,TRUE,,,,c65f3304-8791-40f7-8408-5b02aa5a682d,S,262,0,"Topology, Calculus and Approximation-Vilmos Komornik_262_solution.png"
"Topology, Calculus and Approximation-Vilmos Komornik_263_problem.png",FALSE,TRUE,,,,eea6995e-076a-4787-a4cd-b8a607b3718b,P,263,0,"Topology, Calculus and Approximation-Vilmos Komornik_263_problem.png"
"Topology, Calculus and Approximation-Vilmos Komornik_263_solution_part_1.png",FALSE,TRUE,,,,dc4353fb-c4ee-4921-ae5d-8e8e7ebfe211,S,263,1,"Topology, Calculus and Approximation-Vilmos Komornik_263_solution_part_1.png"
"Topology, Calculus and Approximation-Vilmos Komornik_263_solution_part_2.png",FALSE,TRUE,,,,aab3ed35-d88f-47bf-a7e4-579965bac116,S,263,2,"Topology, Calculus and Approximation-Vilmos Komornik_263_solution_part_2.png"
"Topology, Calculus and Approximation-Vilmos Komornik_264_problem_part_1.png",FALSE,TRUE,,,,3b6ef00c-54e5-473f-92cc-7789c019207a,P,264,1,"Topology, Calculus and Approximation-Vilmos Komornik_264_problem_part_1.png"
"Topology, Calculus and Approximation-Vilmos Komornik_264_problem_part_2.png",FALSE,TRUE,,,,6b9931a5-ba08-451f-bc7f-6d8c098cf3e0,P,264,2,"Topology, Calculus and Approximation-Vilmos Komornik_264_problem_part_2.png"
"Topology, Calculus and Approximation-Vilmos Komornik_264_problem_part_3.png",FALSE,TRUE,,,,0bb9ac9f-459c-4d7b-9954-5cd666b0c2f1,P,264,3,"Topology, Calculus and Approximation-Vilmos Komornik_264_problem_part_3.png"
"Topology, Calculus and Approximation-Vilmos Komornik_264_solution.png",FALSE,TRUE,,,,f2f857a2-48f7-4853-9d72-de6013647c29,S,264,0,"Topology, Calculus and Approximation-Vilmos Komornik_264_solution.png"
